trip_id,arrival_time,departure_time,stop_id,stop_sequence,pickup_type,drop_off_type
35813199-_17HIV-H01J017I-Dimanche-01,08:46:00,08:46:00,1004,5,0,0
35813199-_17HIV-H01J017I-Dimanche-01,08:46:00,08:46:00,1002,6,0,0
35813199-_17HIV-H01J017I-Dimanche-01,08:51:00,08:51:00,1007,15,0,0
35813201-_17HIV-H01J017I-Dimanche-01,09:46:00,09:46:00,1004,5,0,0
35813201-_17HIV-H01J017I-Dimanche-01,09:46:00,09:46:00,1002,6,0,0
35813201-_17HIV-H01J017I-Dimanche-01,09:51:00,09:51:00,1007,15,0,0
35813203-_17HIV-H01J017I-Dimanche-01,10:48:00,10:48:00,1004,5,0,0
35813203-_17HIV-H01J017I-Dimanche-01,10:48:00,10:48:00,1002,6,0,0
35813203-_17HIV-H01J017I-Dimanche-01,10:53:00,10:53:00,1007,15,0,0
35813205-_17HIV-H01J017I-Dimanche-01,11:45:00,11:45:00,1004,5,0,0
35813205-_17HIV-H01J017I-Dimanche-01,11:45:00,11:45:00,1002,6,0,0
35813205-_17HIV-H01J017I-Dimanche-01,11:50:00,11:50:00,1007,15,0,0
35813207-_17HIV-H01J017I-Dimanche-01,12:45:00,12:45:00,1004,5,0,0
35813207-_17HIV-H01J017I-Dimanche-01,12:45:00,12:45:00,1002,6,0,0
35813207-_17HIV-H01J017I-Dimanche-01,12:50:00,12:50:00,1007,15,0,0
35813209-_17HIV-H01J017I-Dimanche-01,13:45:00,13:45:00,1004,5,0,0
35813209-_17HIV-H01J017I-Dimanche-01,13:45:00,13:45:00,1002,6,0,0
35813209-_17HIV-H01J017I-Dimanche-01,13:50:00,13:50:00,1007,15,0,0
35813211-_17HIV-H01J017I-Dimanche-01,14:45:00,14:45:00,1004,5,0,0
35813211-_17HIV-H01J017I-Dimanche-01,14:45:00,14:45:00,1002,6,0,0
35813211-_17HIV-H01J017I-Dimanche-01,14:50:00,14:50:00,1007,15,0,0
35813213-_17HIV-H01J017I-Dimanche-01,15:45:00,15:45:00,1004,5,0,0
35813213-_17HIV-H01J017I-Dimanche-01,15:45:00,15:45:00,1002,6,0,0
35813213-_17HIV-H01J017I-Dimanche-01,15:50:00,15:50:00,1007,15,0,0
35813215-_17HIV-H01J017I-Dimanche-01,16:46:00,16:46:00,1004,5,0,0
35813215-_17HIV-H01J017I-Dimanche-01,16:46:00,16:46:00,1002,6,0,0
35813215-_17HIV-H01J017I-Dimanche-01,16:51:00,16:51:00,1007,15,0,0
35813217-_17HIV-H01J017I-Dimanche-01,17:46:00,17:46:00,1004,5,0,0
35813217-_17HIV-H01J017I-Dimanche-01,17:46:00,17:46:00,1002,6,0,0
35813217-_17HIV-H01J017I-Dimanche-01,17:51:00,17:51:00,1007,15,0,0
35813219-_17HIV-H01J017I-Dimanche-01,18:42:00,18:42:00,1004,5,0,0
35813219-_17HIV-H01J017I-Dimanche-01,18:42:00,18:42:00,1002,6,0,0
35813219-_17HIV-H01J017I-Dimanche-01,18:47:00,18:47:00,1007,15,0,0
35813221-_17HIV-H01J017I-Dimanche-01,19:46:00,19:46:00,1004,5,0,0
35813221-_17HIV-H01J017I-Dimanche-01,19:46:00,19:46:00,1002,6,0,0
35813221-_17HIV-H01J017I-Dimanche-01,19:51:00,19:51:00,1007,15,0,0
35813223-_17HIV-H01J017I-Dimanche-01,20:46:00,20:46:00,1004,5,0,0
35813223-_17HIV-H01J017I-Dimanche-01,20:46:00,20:46:00,1002,6,0,0
35813223-_17HIV-H01J017I-Dimanche-01,20:51:00,20:51:00,1007,15,0,0
35813225-_17HIV-H01J017I-Dimanche-01,21:46:00,21:46:00,1004,5,0,0
35813225-_17HIV-H01J017I-Dimanche-01,21:46:00,21:46:00,1002,6,0,0
35813225-_17HIV-H01J017I-Dimanche-01,21:51:00,21:51:00,1007,15,0,0
35813227-_17HIV-H01J017I-Dimanche-01,22:46:00,22:46:00,1004,5,0,0
35813227-_17HIV-H01J017I-Dimanche-01,22:46:00,22:46:00,1002,6,0,0
35813227-_17HIV-H01J017I-Dimanche-01,22:51:00,22:51:00,1007,15,0,0
35813228-_17HIV-H01J017I-Dimanche-01,07:21:00,07:21:00,1000,58,0,0
35813228-_17HIV-H01J017I-Dimanche-01,07:21:00,07:21:00,1006,59,0,0
35813230-_17HIV-H01J017I-Dimanche-01,08:21:00,08:21:00,1000,58,0,0
35813230-_17HIV-H01J017I-Dimanche-01,08:21:00,08:21:00,1006,59,0,0
35813232-_17HIV-H01J017I-Dimanche-01,09:21:00,09:21:00,1000,58,0,0
35813232-_17HIV-H01J017I-Dimanche-01,09:21:00,09:21:00,1006,59,0,0
35813234-_17HIV-H01J017I-Dimanche-01,10:25:00,10:25:00,1000,58,0,0
35813234-_17HIV-H01J017I-Dimanche-01,10:25:00,10:25:00,1006,59,0,0
35813236-_17HIV-H01J017I-Dimanche-01,11:25:00,11:25:00,1000,58,0,0
35813236-_17HIV-H01J017I-Dimanche-01,11:25:00,11:25:00,1006,59,0,0
35813238-_17HIV-H01J017I-Dimanche-01,12:25:00,12:25:00,1000,58,0,0
35813238-_17HIV-H01J017I-Dimanche-01,12:25:00,12:25:00,1006,59,0,0
35813240-_17HIV-H01J017I-Dimanche-01,13:25:00,13:25:00,1000,58,0,0
35813240-_17HIV-H01J017I-Dimanche-01,13:25:00,13:25:00,1006,59,0,0
35813242-_17HIV-H01J017I-Dimanche-01,14:25:00,14:25:00,1000,58,0,0
35813242-_17HIV-H01J017I-Dimanche-01,14:25:00,14:25:00,1006,59,0,0
35813244-_17HIV-H01J017I-Dimanche-01,15:25:00,15:25:00,1000,58,0,0
35813244-_17HIV-H01J017I-Dimanche-01,15:25:00,15:25:00,1006,59,0,0
35813246-_17HIV-H01J017I-Dimanche-01,16:28:00,16:28:00,1000,58,0,0
35813246-_17HIV-H01J017I-Dimanche-01,16:28:00,16:28:00,1006,59,0,0
35813248-_17HIV-H01J017I-Dimanche-01,17:28:00,17:28:00,1000,58,0,0
35813248-_17HIV-H01J017I-Dimanche-01,17:28:00,17:28:00,1006,59,0,0
35813250-_17HIV-H01J017I-Dimanche-01,18:28:00,18:28:00,1000,58,0,0
35813250-_17HIV-H01J017I-Dimanche-01,18:28:00,18:28:00,1006,59,0,0
35813252-_17HIV-H01J017I-Dimanche-01,19:24:00,19:24:00,1000,58,0,0
35813252-_17HIV-H01J017I-Dimanche-01,19:24:00,19:24:00,1006,59,0,0
35813254-_17HIV-H01J017I-Dimanche-01,20:24:00,20:24:00,1000,58,0,0
35813254-_17HIV-H01J017I-Dimanche-01,20:24:00,20:24:00,1006,59,0,0
35813256-_17HIV-H01J017I-Dimanche-01,21:24:00,21:24:00,1000,58,0,0
35813256-_17HIV-H01J017I-Dimanche-01,21:24:00,21:24:00,1006,59,0,0
35813258-_17HIV-H01J017I-Dimanche-01,22:24:00,22:24:00,1000,58,0,0
35813258-_17HIV-H01J017I-Dimanche-01,22:24:00,22:24:00,1006,59,0,0
35813260-_17HIV-H01J017I-Dimanche-01,23:20:00,23:20:00,1000,58,0,0
35813260-_17HIV-H01J017I-Dimanche-01,23:20:00,23:20:00,1006,59,0,0
35813261-_17HIV-H01J017I-Dimanche-01,24:20:00,24:20:00,1000,58,0,0
35813261-_17HIV-H01J017I-Dimanche-01,24:20:00,24:20:00,1006,59,0,0
35813262-_17HIV-H01J017I-Dimanche-01,07:46:00,07:46:00,1004,5,0,0
35813262-_17HIV-H01J017I-Dimanche-01,07:46:00,07:46:00,1002,6,0,0
35813262-_17HIV-H01J017I-Dimanche-01,07:51:00,07:51:00,1007,15,0,0
35813263-_17HIV-H01J017I-Dimanche-01,06:46:00,06:46:00,1004,5,0,0
35813263-_17HIV-H01J017I-Dimanche-01,06:46:00,06:46:00,1002,6,0,0
35813263-_17HIV-H01J017I-Dimanche-01,06:51:00,06:51:00,1007,15,0,0
35818452-_17HIV-H01J017I-Dimanche-02,08:46:00,08:46:00,1004,5,0,0
35818452-_17HIV-H01J017I-Dimanche-02,08:46:00,08:46:00,1002,6,0,0
35818452-_17HIV-H01J017I-Dimanche-02,08:51:00,08:51:00,1007,15,0,0
35818454-_17HIV-H01J017I-Dimanche-02,09:46:00,09:46:00,1004,5,0,0
35818454-_17HIV-H01J017I-Dimanche-02,09:46:00,09:46:00,1002,6,0,0
35818454-_17HIV-H01J017I-Dimanche-02,09:51:00,09:51:00,1007,15,0,0
35818456-_17HIV-H01J017I-Dimanche-02,10:48:00,10:48:00,1004,5,0,0
35818456-_17HIV-H01J017I-Dimanche-02,10:48:00,10:48:00,1002,6,0,0
35818456-_17HIV-H01J017I-Dimanche-02,10:53:00,10:53:00,1007,15,0,0
35818458-_17HIV-H01J017I-Dimanche-02,11:45:00,11:45:00,1004,5,0,0
35818458-_17HIV-H01J017I-Dimanche-02,11:45:00,11:45:00,1002,6,0,0
35818458-_17HIV-H01J017I-Dimanche-02,11:50:00,11:50:00,1007,15,0,0
35818460-_17HIV-H01J017I-Dimanche-02,12:45:00,12:45:00,1004,5,0,0
35818460-_17HIV-H01J017I-Dimanche-02,12:45:00,12:45:00,1002,6,0,0
35818460-_17HIV-H01J017I-Dimanche-02,12:50:00,12:50:00,1007,15,0,0
35818462-_17HIV-H01J017I-Dimanche-02,13:45:00,13:45:00,1004,5,0,0
35818462-_17HIV-H01J017I-Dimanche-02,13:45:00,13:45:00,1002,6,0,0
35818462-_17HIV-H01J017I-Dimanche-02,13:50:00,13:50:00,1007,15,0,0
35818464-_17HIV-H01J017I-Dimanche-02,14:45:00,14:45:00,1004,5,0,0
35818464-_17HIV-H01J017I-Dimanche-02,14:45:00,14:45:00,1002,6,0,0
35818464-_17HIV-H01J017I-Dimanche-02,14:50:00,14:50:00,1007,15,0,0
35818466-_17HIV-H01J017I-Dimanche-02,15:45:00,15:45:00,1004,5,0,0
35818466-_17HIV-H01J017I-Dimanche-02,15:45:00,15:45:00,1002,6,0,0
35818466-_17HIV-H01J017I-Dimanche-02,15:50:00,15:50:00,1007,15,0,0
35818468-_17HIV-H01J017I-Dimanche-02,16:46:00,16:46:00,1004,5,0,0
35818468-_17HIV-H01J017I-Dimanche-02,16:46:00,16:46:00,1002,6,0,0
35818468-_17HIV-H01J017I-Dimanche-02,16:51:00,16:51:00,1007,15,0,0
35818470-_17HIV-H01J017I-Dimanche-02,17:46:00,17:46:00,1004,5,0,0
35818470-_17HIV-H01J017I-Dimanche-02,17:46:00,17:46:00,1002,6,0,0
35818470-_17HIV-H01J017I-Dimanche-02,17:51:00,17:51:00,1007,15,0,0
35818472-_17HIV-H01J017I-Dimanche-02,18:42:00,18:42:00,1004,5,0,0
35818472-_17HIV-H01J017I-Dimanche-02,18:42:00,18:42:00,1002,6,0,0
35818472-_17HIV-H01J017I-Dimanche-02,18:47:00,18:47:00,1007,15,0,0
35818474-_17HIV-H01J017I-Dimanche-02,19:46:00,19:46:00,1004,5,0,0
35818474-_17HIV-H01J017I-Dimanche-02,19:46:00,19:46:00,1002,6,0,0
35818474-_17HIV-H01J017I-Dimanche-02,19:51:00,19:51:00,1007,15,0,0
35818476-_17HIV-H01J017I-Dimanche-02,20:46:00,20:46:00,1004,5,0,0
35818476-_17HIV-H01J017I-Dimanche-02,20:46:00,20:46:00,1002,6,0,0
35818476-_17HIV-H01J017I-Dimanche-02,20:51:00,20:51:00,1007,15,0,0
35818478-_17HIV-H01J017I-Dimanche-02,21:46:00,21:46:00,1004,5,0,0
35818478-_17HIV-H01J017I-Dimanche-02,21:46:00,21:46:00,1002,6,0,0
35818478-_17HIV-H01J017I-Dimanche-02,21:51:00,21:51:00,1007,15,0,0
35818480-_17HIV-H01J017I-Dimanche-02,22:46:00,22:46:00,1004,5,0,0
35818480-_17HIV-H01J017I-Dimanche-02,22:46:00,22:46:00,1002,6,0,0
35818480-_17HIV-H01J017I-Dimanche-02,22:51:00,22:51:00,1007,15,0,0
35818481-_17HIV-H01J017I-Dimanche-02,07:21:00,07:21:00,1000,58,0,0
35818481-_17HIV-H01J017I-Dimanche-02,07:21:00,07:21:00,1006,59,0,0
35818483-_17HIV-H01J017I-Dimanche-02,08:21:00,08:21:00,1000,58,0,0
35818483-_17HIV-H01J017I-Dimanche-02,08:21:00,08:21:00,1006,59,0,0
35818485-_17HIV-H01J017I-Dimanche-02,09:21:00,09:21:00,1000,58,0,0
35818485-_17HIV-H01J017I-Dimanche-02,09:21:00,09:21:00,1006,59,0,0
35818487-_17HIV-H01J017I-Dimanche-02,10:25:00,10:25:00,1000,58,0,0
35818487-_17HIV-H01J017I-Dimanche-02,10:25:00,10:25:00,1006,59,0,0
35818489-_17HIV-H01J017I-Dimanche-02,11:25:00,11:25:00,1000,58,0,0
35818489-_17HIV-H01J017I-Dimanche-02,11:25:00,11:25:00,1006,59,0,0
35818491-_17HIV-H01J017I-Dimanche-02,12:25:00,12:25:00,1000,58,0,0
35818491-_17HIV-H01J017I-Dimanche-02,12:25:00,12:25:00,1006,59,0,0
35818493-_17HIV-H01J017I-Dimanche-02,13:25:00,13:25:00,1000,58,0,0
35818493-_17HIV-H01J017I-Dimanche-02,13:25:00,13:25:00,1006,59,0,0
35818495-_17HIV-H01J017I-Dimanche-02,14:25:00,14:25:00,1000,58,0,0
35818495-_17HIV-H01J017I-Dimanche-02,14:25:00,14:25:00,1006,59,0,0
35818497-_17HIV-H01J017I-Dimanche-02,15:25:00,15:25:00,1000,58,0,0
35818497-_17HIV-H01J017I-Dimanche-02,15:25:00,15:25:00,1006,59,0,0
35818499-_17HIV-H01J017I-Dimanche-02,16:28:00,16:28:00,1000,58,0,0
35818499-_17HIV-H01J017I-Dimanche-02,16:28:00,16:28:00,1006,59,0,0
35818501-_17HIV-H01J017I-Dimanche-02,17:28:00,17:28:00,1000,58,0,0
35818501-_17HIV-H01J017I-Dimanche-02,17:28:00,17:28:00,1006,59,0,0
35818503-_17HIV-H01J017I-Dimanche-02,18:28:00,18:28:00,1000,58,0,0
35818503-_17HIV-H01J017I-Dimanche-02,18:28:00,18:28:00,1006,59,0,0
35818505-_17HIV-H01J017I-Dimanche-02,19:24:00,19:24:00,1000,58,0,0
35818505-_17HIV-H01J017I-Dimanche-02,19:24:00,19:24:00,1006,59,0,0
35818507-_17HIV-H01J017I-Dimanche-02,20:24:00,20:24:00,1000,58,0,0
35818507-_17HIV-H01J017I-Dimanche-02,20:24:00,20:24:00,1006,59,0,0
35818509-_17HIV-H01J017I-Dimanche-02,21:24:00,21:24:00,1000,58,0,0
35818509-_17HIV-H01J017I-Dimanche-02,21:24:00,21:24:00,1006,59,0,0
35818511-_17HIV-H01J017I-Dimanche-02,22:24:00,22:24:00,1000,58,0,0
35818511-_17HIV-H01J017I-Dimanche-02,22:24:00,22:24:00,1006,59,0,0
35818513-_17HIV-H01J017I-Dimanche-02,23:20:00,23:20:00,1000,58,0,0
35818513-_17HIV-H01J017I-Dimanche-02,23:20:00,23:20:00,1006,59,0,0
35818514-_17HIV-H01J017I-Dimanche-02,24:20:00,24:20:00,1000,58,0,0
35818514-_17HIV-H01J017I-Dimanche-02,24:20:00,24:20:00,1006,59,0,0
35818515-_17HIV-H01J017I-Dimanche-02,07:46:00,07:46:00,1004,5,0,0
35818515-_17HIV-H01J017I-Dimanche-02,07:46:00,07:46:00,1002,6,0,0
35818515-_17HIV-H01J017I-Dimanche-02,07:51:00,07:51:00,1007,15,0,0
35818516-_17HIV-H01J017I-Dimanche-02,06:46:00,06:46:00,1004,5,0,0
35818516-_17HIV-H01J017I-Dimanche-02,06:46:00,06:46:00,1002,6,0,0
35818516-_17HIV-H01J017I-Dimanche-02,06:51:00,06:51:00,1007,15,0,0
34989727-_17HIV-H01J817S-Semaine-00,18:55:00,18:55:00,1000,68,0,0
34989727-_17HIV-H01J817S-Semaine-00,18:55:00,18:55:00,1006,69,0,0
34989732-_17HIV-H01J817S-Semaine-00,08:31:00,08:31:00,1009,34,0,0
34989732-_17HIV-H01J817S-Semaine-00,08:33:00,08:33:00,1011,36,0,0
34989733-_17HIV-H01J817S-Semaine-00,16:22:00,16:22:00,1007,4,0,0
34989734-_17HIV-H01J817S-Semaine-00,06:16:00,06:16:00,1007,4,0,0
34989735-_17HIV-H01J817S-Semaine-00,06:36:00,06:36:00,1007,4,0,0
34989736-_17HIV-H01J817S-Semaine-00,08:18:00,08:18:00,1007,4,0,0
34989737-_17HIV-H01J817S-Semaine-00,06:57:00,06:57:00,1007,4,0,0
34989738-_17HIV-H01J817S-Semaine-00,07:26:00,07:26:00,1007,4,0,0
34989739-_17HIV-H01J817S-Semaine-00,16:04:00,16:04:00,1009,34,0,0
34989739-_17HIV-H01J817S-Semaine-00,16:06:00,16:06:00,1011,36,0,0
34989740-_17HIV-H01J817S-Semaine-00,16:36:00,16:36:00,1009,34,0,0
34989740-_17HIV-H01J817S-Semaine-00,16:38:00,16:38:00,1011,36,0,0
34989741-_17HIV-H01J817S-Semaine-00,17:07:00,17:07:00,1009,34,0,0
34989741-_17HIV-H01J817S-Semaine-00,17:09:00,17:09:00,1011,36,0,0
34989742-_17HIV-H01J817S-Semaine-00,17:27:00,17:27:00,1009,34,0,0
34989742-_17HIV-H01J817S-Semaine-00,17:29:00,17:29:00,1011,36,0,0
34989743-_17HIV-H01J817S-Semaine-00,17:48:00,17:48:00,1009,34,0,0
34989743-_17HIV-H01J817S-Semaine-00,17:50:00,17:50:00,1011,36,0,0
34989744-_17HIV-H01J817S-Semaine-00,07:56:00,07:56:00,1007,4,0,0
34989745-_17HIV-H01J817S-Semaine-00,15:49:00,15:49:00,1009,34,0,0
34989745-_17HIV-H01J817S-Semaine-00,15:51:00,15:51:00,1011,36,0,0
34989906-_17HIV-H01J817S-Semaine-00,18:06:00,18:06:00,1000,68,0,0
34989906-_17HIV-H01J817S-Semaine-00,18:06:00,18:06:00,1006,69,0,0
34989910-_17HIV-H01J817S-Semaine-00,09:45:00,09:45:00,1004,5,0,0
34989910-_17HIV-H01J817S-Semaine-00,09:45:00,09:45:00,1002,6,0,0
34989910-_17HIV-H01J817S-Semaine-00,09:49:00,09:49:00,1007,15,0,0
34989911-_17HIV-H01J817S-Semaine-00,10:45:00,10:45:00,1004,5,0,0
34989911-_17HIV-H01J817S-Semaine-00,10:45:00,10:45:00,1002,6,0,0
34989911-_17HIV-H01J817S-Semaine-00,10:49:00,10:49:00,1007,15,0,0
34989912-_17HIV-H01J817S-Semaine-00,11:15:00,11:15:00,1004,5,0,0
34989912-_17HIV-H01J817S-Semaine-00,11:15:00,11:15:00,1002,6,0,0
34989912-_17HIV-H01J817S-Semaine-00,11:19:00,11:19:00,1007,15,0,0
34989913-_17HIV-H01J817S-Semaine-00,12:15:00,12:15:00,1004,5,0,0
34989913-_17HIV-H01J817S-Semaine-00,12:15:00,12:15:00,1002,6,0,0
34989913-_17HIV-H01J817S-Semaine-00,12:19:00,12:19:00,1007,15,0,0
34989914-_17HIV-H01J817S-Semaine-00,12:45:00,12:45:00,1004,5,0,0
34989914-_17HIV-H01J817S-Semaine-00,12:45:00,12:45:00,1002,6,0,0
34989914-_17HIV-H01J817S-Semaine-00,12:49:00,12:49:00,1007,15,0,0
34989915-_17HIV-H01J817S-Semaine-00,13:15:00,13:15:00,1004,5,0,0
34989915-_17HIV-H01J817S-Semaine-00,13:15:00,13:15:00,1002,6,0,0
34989915-_17HIV-H01J817S-Semaine-00,13:19:00,13:19:00,1007,15,0,0
34989916-_17HIV-H01J817S-Semaine-00,13:45:00,13:45:00,1004,5,0,0
34989916-_17HIV-H01J817S-Semaine-00,13:45:00,13:45:00,1002,6,0,0
34989916-_17HIV-H01J817S-Semaine-00,13:49:00,13:49:00,1007,15,0,0
34989917-_17HIV-H01J817S-Semaine-00,14:15:00,14:15:00,1004,5,0,0
34989917-_17HIV-H01J817S-Semaine-00,14:15:00,14:15:00,1002,6,0,0
34989917-_17HIV-H01J817S-Semaine-00,14:19:00,14:19:00,1007,15,0,0
34989918-_17HIV-H01J817S-Semaine-00,14:48:00,14:48:00,1004,5,0,0
34989918-_17HIV-H01J817S-Semaine-00,14:48:00,14:48:00,1002,6,0,0
34989918-_17HIV-H01J817S-Semaine-00,14:52:00,14:52:00,1007,15,0,0
34989920-_17HIV-H01J817S-Semaine-00,15:49:00,15:49:00,1004,5,0,0
34989920-_17HIV-H01J817S-Semaine-00,15:49:00,15:49:00,1002,6,0,0
34989920-_17HIV-H01J817S-Semaine-00,15:54:00,15:54:00,1007,15,0,0
34989922-_17HIV-H01J817S-Semaine-00,16:46:00,16:46:00,1004,5,0,0
34989922-_17HIV-H01J817S-Semaine-00,16:46:00,16:46:00,1002,6,0,0
34989922-_17HIV-H01J817S-Semaine-00,16:51:00,16:51:00,1007,15,0,0
34989924-_17HIV-H01J817S-Semaine-00,17:47:00,17:47:00,1004,5,0,0
34989924-_17HIV-H01J817S-Semaine-00,17:47:00,17:47:00,1002,6,0,0
34989924-_17HIV-H01J817S-Semaine-00,17:52:00,17:52:00,1007,15,0,0
34989925-_17HIV-H01J817S-Semaine-00,18:17:00,18:17:00,1004,5,0,0
34989925-_17HIV-H01J817S-Semaine-00,18:17:00,18:17:00,1002,6,0,0
34989925-_17HIV-H01J817S-Semaine-00,18:22:00,18:22:00,1007,15,0,0
34989926-_17HIV-H01J817S-Semaine-00,18:49:00,18:49:00,1004,5,0,0
34989926-_17HIV-H01J817S-Semaine-00,18:49:00,18:49:00,1002,6,0,0
34989926-_17HIV-H01J817S-Semaine-00,18:53:00,18:53:00,1007,15,0,0
34989927-_17HIV-H01J817S-Semaine-00,19:19:00,19:19:00,1004,5,0,0
34989927-_17HIV-H01J817S-Semaine-00,19:19:00,19:19:00,1002,6,0,0
34989927-_17HIV-H01J817S-Semaine-00,19:23:00,19:23:00,1007,15,0,0
34989928-_17HIV-H01J817S-Semaine-00,19:49:00,19:49:00,1004,5,0,0
34989928-_17HIV-H01J817S-Semaine-00,19:49:00,19:49:00,1002,6,0,0
34989928-_17HIV-H01J817S-Semaine-00,19:53:00,19:53:00,1007,15,0,0
34989929-_17HIV-H01J817S-Semaine-00,20:19:00,20:19:00,1004,5,0,0
34989929-_17HIV-H01J817S-Semaine-00,20:19:00,20:19:00,1002,6,0,0
34989929-_17HIV-H01J817S-Semaine-00,20:23:00,20:23:00,1007,15,0,0
34989930-_17HIV-H01J817S-Semaine-00,20:49:00,20:49:00,1004,5,0,0
34989930-_17HIV-H01J817S-Semaine-00,20:49:00,20:49:00,1002,6,0,0
34989930-_17HIV-H01J817S-Semaine-00,20:53:00,20:53:00,1007,15,0,0
34989931-_17HIV-H01J817S-Semaine-00,21:19:00,21:19:00,1004,5,0,0
34989931-_17HIV-H01J817S-Semaine-00,21:19:00,21:19:00,1002,6,0,0
34989931-_17HIV-H01J817S-Semaine-00,21:23:00,21:23:00,1007,15,0,0
34989932-_17HIV-H01J817S-Semaine-00,21:49:00,21:49:00,1004,5,0,0
34989932-_17HIV-H01J817S-Semaine-00,21:49:00,21:49:00,1002,6,0,0
34989932-_17HIV-H01J817S-Semaine-00,21:53:00,21:53:00,1007,15,0,0
34989933-_17HIV-H01J817S-Semaine-00,22:19:00,22:19:00,1004,5,0,0
34989933-_17HIV-H01J817S-Semaine-00,22:19:00,22:19:00,1002,6,0,0
34989933-_17HIV-H01J817S-Semaine-00,22:23:00,22:23:00,1007,15,0,0
34989936-_17HIV-H01J817S-Semaine-00,07:48:00,07:48:00,1000,58,0,0
34989936-_17HIV-H01J817S-Semaine-00,07:48:00,07:48:00,1006,59,0,0
34989938-_17HIV-H01J817S-Semaine-00,08:47:00,08:47:00,1000,58,0,0
34989938-_17HIV-H01J817S-Semaine-00,08:47:00,08:47:00,1006,59,0,0
34989940-_17HIV-H01J817S-Semaine-00,09:32:00,09:32:00,1000,58,0,0
34989940-_17HIV-H01J817S-Semaine-00,09:32:00,09:32:00,1006,59,0,0
34989941-_17HIV-H01J817S-Semaine-00,10:32:00,10:32:00,1000,58,0,0
34989941-_17HIV-H01J817S-Semaine-00,10:32:00,10:32:00,1006,59,0,0
34989950-_17HIV-H01J817S-Semaine-00,19:13:00,19:13:00,1000,58,0,0
34989950-_17HIV-H01J817S-Semaine-00,19:13:00,19:13:00,1006,59,0,0
34989951-_17HIV-H01J817S-Semaine-00,19:49:00,19:49:00,1000,58,0,0
34989951-_17HIV-H01J817S-Semaine-00,19:49:00,19:49:00,1006,59,0,0
34989952-_17HIV-H01J817S-Semaine-00,20:19:00,20:19:00,1000,58,0,0
34989952-_17HIV-H01J817S-Semaine-00,20:19:00,20:19:00,1006,59,0,0
34989953-_17HIV-H01J817S-Semaine-00,20:49:00,20:49:00,1000,58,0,0
34989953-_17HIV-H01J817S-Semaine-00,20:49:00,20:49:00,1006,59,0,0
34989954-_17HIV-H01J817S-Semaine-00,21:17:00,21:17:00,1000,58,0,0
34989954-_17HIV-H01J817S-Semaine-00,21:17:00,21:17:00,1006,59,0,0
34989958-_17HIV-H01J817S-Semaine-00,23:17:00,23:17:00,1000,58,0,0
34989958-_17HIV-H01J817S-Semaine-00,23:17:00,23:17:00,1006,59,0,0
34989959-_17HIV-H01J817S-Semaine-00,24:17:00,24:17:00,1000,58,0,0
34989959-_17HIV-H01J817S-Semaine-00,24:17:00,24:17:00,1006,59,0,0
34989960-_17HIV-H01J817S-Semaine-00,06:00:00,06:00:00,1004,5,0,0
34989960-_17HIV-H01J817S-Semaine-00,06:00:00,06:00:00,1002,6,0,0
34989960-_17HIV-H01J817S-Semaine-00,06:01:00,06:01:00,1005,7,0,0
34989960-_17HIV-H01J817S-Semaine-00,06:07:00,06:07:00,1007,17,0,0
34989961-_17HIV-H01J817S-Semaine-00,06:19:00,06:19:00,1004,5,0,0
34989961-_17HIV-H01J817S-Semaine-00,06:19:00,06:19:00,1002,6,0,0
34989961-_17HIV-H01J817S-Semaine-00,06:20:00,06:20:00,1005,7,0,0
34989961-_17HIV-H01J817S-Semaine-00,06:26:00,06:26:00,1007,17,0,0
34989962-_17HIV-H01J817S-Semaine-00,06:36:00,06:36:00,1004,5,0,0
34989962-_17HIV-H01J817S-Semaine-00,06:36:00,06:36:00,1002,6,0,0
34989962-_17HIV-H01J817S-Semaine-00,06:37:00,06:37:00,1005,7,0,0
34989962-_17HIV-H01J817S-Semaine-00,06:43:00,06:43:00,1007,17,0,0
34989963-_17HIV-H01J817S-Semaine-00,06:53:00,06:53:00,1004,5,0,0
34989963-_17HIV-H01J817S-Semaine-00,06:53:00,06:53:00,1002,6,0,0
34989963-_17HIV-H01J817S-Semaine-00,06:54:00,06:54:00,1005,7,0,0
34989963-_17HIV-H01J817S-Semaine-00,07:00:00,07:00:00,1007,17,0,0
34989964-_17HIV-H01J817S-Semaine-00,07:11:00,07:11:00,1004,5,0,0
34989964-_17HIV-H01J817S-Semaine-00,07:11:00,07:11:00,1002,6,0,0
34989964-_17HIV-H01J817S-Semaine-00,07:12:00,07:12:00,1005,7,0,0
34989964-_17HIV-H01J817S-Semaine-00,07:18:00,07:18:00,1007,17,0,0
34989965-_17HIV-H01J817S-Semaine-00,07:26:00,07:26:00,1004,5,0,0
34989965-_17HIV-H01J817S-Semaine-00,07:26:00,07:26:00,1002,6,0,0
34989965-_17HIV-H01J817S-Semaine-00,07:27:00,07:27:00,1005,7,0,0
34989965-_17HIV-H01J817S-Semaine-00,07:33:00,07:33:00,1007,17,0,0
34989966-_17HIV-H01J817S-Semaine-00,07:43:00,07:43:00,1004,5,0,0
34989966-_17HIV-H01J817S-Semaine-00,07:43:00,07:43:00,1002,6,0,0
34989966-_17HIV-H01J817S-Semaine-00,07:44:00,07:44:00,1005,7,0,0
34989966-_17HIV-H01J817S-Semaine-00,07:50:00,07:50:00,1007,17,0,0
34989967-_17HIV-H01J817S-Semaine-00,08:05:00,08:05:00,1004,5,0,0
34989967-_17HIV-H01J817S-Semaine-00,08:05:00,08:05:00,1002,6,0,0
34989967-_17HIV-H01J817S-Semaine-00,08:06:00,08:06:00,1005,7,0,0
34989967-_17HIV-H01J817S-Semaine-00,08:12:00,08:12:00,1007,17,0,0
34989968-_17HIV-H01J817S-Semaine-00,08:25:00,08:25:00,1004,5,0,0
34989968-_17HIV-H01J817S-Semaine-00,08:25:00,08:25:00,1002,6,0,0
34989968-_17HIV-H01J817S-Semaine-00,08:26:00,08:26:00,1005,7,0,0
34989968-_17HIV-H01J817S-Semaine-00,08:32:00,08:32:00,1007,17,0,0
34989969-_17HIV-H01J817S-Semaine-00,08:46:00,08:46:00,1004,5,0,0
34989969-_17HIV-H01J817S-Semaine-00,08:46:00,08:46:00,1002,6,0,0
34989969-_17HIV-H01J817S-Semaine-00,08:47:00,08:47:00,1005,7,0,0
34989969-_17HIV-H01J817S-Semaine-00,08:52:00,08:52:00,1007,17,0,0
34989970-_17HIV-H01J817S-Semaine-00,09:11:00,09:11:00,1004,5,0,0
34989970-_17HIV-H01J817S-Semaine-00,09:11:00,09:11:00,1002,6,0,0
34989970-_17HIV-H01J817S-Semaine-00,09:12:00,09:12:00,1005,7,0,0
34989970-_17HIV-H01J817S-Semaine-00,09:17:00,09:17:00,1007,17,0,0
34989971-_17HIV-H01J817S-Semaine-00,06:12:00,06:12:00,1004,5,0,0
34989971-_17HIV-H01J817S-Semaine-00,06:12:00,06:12:00,1002,6,0,0
34989971-_17HIV-H01J817S-Semaine-00,06:13:00,06:13:00,1005,7,0,0
34989971-_17HIV-H01J817S-Semaine-00,06:13:00,06:13:00,1001,8,0,0
34989971-_17HIV-H01J817S-Semaine-00,06:15:00,06:15:00,1007,10,0,0
34989972-_17HIV-H01J817S-Semaine-00,06:30:00,06:30:00,1004,5,0,0
34989972-_17HIV-H01J817S-Semaine-00,06:30:00,06:30:00,1002,6,0,0
34989972-_17HIV-H01J817S-Semaine-00,06:31:00,06:31:00,1005,7,0,0
34989972-_17HIV-H01J817S-Semaine-00,06:31:00,06:31:00,1001,8,0,0
34989972-_17HIV-H01J817S-Semaine-00,06:33:00,06:33:00,1007,10,0,0
34989973-_17HIV-H01J817S-Semaine-00,06:45:00,06:45:00,1004,5,0,0
34989973-_17HIV-H01J817S-Semaine-00,06:45:00,06:45:00,1002,6,0,0
34989973-_17HIV-H01J817S-Semaine-00,06:46:00,06:46:00,1005,7,0,0
34989973-_17HIV-H01J817S-Semaine-00,06:46:00,06:46:00,1001,8,0,0
34989973-_17HIV-H01J817S-Semaine-00,06:48:00,06:48:00,1007,10,0,0
34989974-_17HIV-H01J817S-Semaine-00,07:20:00,07:20:00,1004,5,0,0
34989974-_17HIV-H01J817S-Semaine-00,07:20:00,07:20:00,1002,6,0,0
34989974-_17HIV-H01J817S-Semaine-00,07:21:00,07:21:00,1005,7,0,0
34989974-_17HIV-H01J817S-Semaine-00,07:21:00,07:21:00,1001,8,0,0
34989974-_17HIV-H01J817S-Semaine-00,07:23:00,07:23:00,1007,10,0,0
34989975-_17HIV-H01J817S-Semaine-00,07:37:00,07:37:00,1004,5,0,0
34989975-_17HIV-H01J817S-Semaine-00,07:37:00,07:37:00,1002,6,0,0
34989975-_17HIV-H01J817S-Semaine-00,07:38:00,07:38:00,1005,7,0,0
34989975-_17HIV-H01J817S-Semaine-00,07:38:00,07:38:00,1001,8,0,0
34989975-_17HIV-H01J817S-Semaine-00,07:40:00,07:40:00,1007,10,0,0
34989976-_17HIV-H01J817S-Semaine-00,07:57:00,07:57:00,1004,5,0,0
34989976-_17HIV-H01J817S-Semaine-00,07:57:00,07:57:00,1002,6,0,0
34989976-_17HIV-H01J817S-Semaine-00,07:58:00,07:58:00,1005,7,0,0
34989976-_17HIV-H01J817S-Semaine-00,07:58:00,07:58:00,1001,8,0,0
34989976-_17HIV-H01J817S-Semaine-00,08:00:00,08:00:00,1007,10,0,0
34989977-_17HIV-H01J817S-Semaine-00,08:19:00,08:19:00,1004,5,0,0
34989977-_17HIV-H01J817S-Semaine-00,08:19:00,08:19:00,1002,6,0,0
34989977-_17HIV-H01J817S-Semaine-00,08:20:00,08:20:00,1005,7,0,0
34989977-_17HIV-H01J817S-Semaine-00,08:20:00,08:20:00,1001,8,0,0
34989977-_17HIV-H01J817S-Semaine-00,08:22:00,08:22:00,1007,10,0,0
34989978-_17HIV-H01J817S-Semaine-00,08:39:00,08:39:00,1004,5,0,0
34989978-_17HIV-H01J817S-Semaine-00,08:39:00,08:39:00,1002,6,0,0
34989978-_17HIV-H01J817S-Semaine-00,08:40:00,08:40:00,1005,7,0,0
34989978-_17HIV-H01J817S-Semaine-00,08:40:00,08:40:00,1001,8,0,0
34989978-_17HIV-H01J817S-Semaine-00,08:42:00,08:42:00,1007,10,0,0
34989979-_17HIV-H01J817S-Semaine-00,09:00:00,09:00:00,1004,5,0,0
34989979-_17HIV-H01J817S-Semaine-00,09:00:00,09:00:00,1002,6,0,0
34989979-_17HIV-H01J817S-Semaine-00,09:01:00,09:01:00,1005,7,0,0
34989979-_17HIV-H01J817S-Semaine-00,09:01:00,09:01:00,1001,8,0,0
34989979-_17HIV-H01J817S-Semaine-00,09:03:00,09:03:00,1007,10,0,0
34990000-_17HIV-H01J817S-Semaine-00,15:46:00,15:46:00,1009,49,0,0
34990000-_17HIV-H01J817S-Semaine-00,15:48:00,15:48:00,1003,51,0,0
34990000-_17HIV-H01J817S-Semaine-00,15:49:00,15:49:00,1000,53,0,0
34990000-_17HIV-H01J817S-Semaine-00,15:49:00,15:49:00,1006,54,0,0
34990001-_17HIV-H01J817S-Semaine-00,16:01:00,16:01:00,1000,59,0,0
34990001-_17HIV-H01J817S-Semaine-00,16:01:00,16:01:00,1006,60,0,0
34990002-_17HIV-H01J817S-Semaine-00,16:09:00,16:09:00,1009,49,0,0
34990002-_17HIV-H01J817S-Semaine-00,16:11:00,16:11:00,1003,51,0,0
34990002-_17HIV-H01J817S-Semaine-00,16:12:00,16:12:00,1000,53,0,0
34990002-_17HIV-H01J817S-Semaine-00,16:12:00,16:12:00,1006,54,0,0
34990003-_17HIV-H01J817S-Semaine-00,16:20:00,16:20:00,1000,59,0,0
34990003-_17HIV-H01J817S-Semaine-00,16:20:00,16:20:00,1006,60,0,0
34990004-_17HIV-H01J817S-Semaine-00,16:29:00,16:29:00,1009,49,0,0
34990004-_17HIV-H01J817S-Semaine-00,16:31:00,16:31:00,1003,51,0,0
34990004-_17HIV-H01J817S-Semaine-00,16:32:00,16:32:00,1000,53,0,0
34990004-_17HIV-H01J817S-Semaine-00,16:32:00,16:32:00,1006,54,0,0
34990005-_17HIV-H01J817S-Semaine-00,16:40:00,16:40:00,1000,59,0,0
34990005-_17HIV-H01J817S-Semaine-00,16:40:00,16:40:00,1006,60,0,0
34990006-_17HIV-H01J817S-Semaine-00,16:48:00,16:48:00,1009,49,0,0
34990006-_17HIV-H01J817S-Semaine-00,16:50:00,16:50:00,1003,51,0,0
34990006-_17HIV-H01J817S-Semaine-00,16:51:00,16:51:00,1000,53,0,0
34990006-_17HIV-H01J817S-Semaine-00,16:51:00,16:51:00,1006,54,0,0
34990007-_17HIV-H01J817S-Semaine-00,16:56:00,16:56:00,1000,59,0,0
34990007-_17HIV-H01J817S-Semaine-00,16:56:00,16:56:00,1006,60,0,0
34990008-_17HIV-H01J817S-Semaine-00,17:07:00,17:07:00,1009,49,0,0
34990008-_17HIV-H01J817S-Semaine-00,17:09:00,17:09:00,1003,51,0,0
34990008-_17HIV-H01J817S-Semaine-00,17:10:00,17:10:00,1000,53,0,0
34990008-_17HIV-H01J817S-Semaine-00,17:10:00,17:10:00,1006,54,0,0
34990009-_17HIV-H01J817S-Semaine-00,17:17:00,17:17:00,1000,59,0,0
34990009-_17HIV-H01J817S-Semaine-00,17:17:00,17:17:00,1006,60,0,0
34990010-_17HIV-H01J817S-Semaine-00,17:27:00,17:27:00,1009,49,0,0
34990010-_17HIV-H01J817S-Semaine-00,17:29:00,17:29:00,1003,51,0,0
34990010-_17HIV-H01J817S-Semaine-00,17:30:00,17:30:00,1000,53,0,0
34990010-_17HIV-H01J817S-Semaine-00,17:30:00,17:30:00,1006,54,0,0
34990011-_17HIV-H01J817S-Semaine-00,17:39:00,17:39:00,1000,59,0,0
34990011-_17HIV-H01J817S-Semaine-00,17:39:00,17:39:00,1006,60,0,0
34990012-_17HIV-H01J817S-Semaine-00,17:49:00,17:49:00,1009,49,0,0
34990012-_17HIV-H01J817S-Semaine-00,17:51:00,17:51:00,1003,51,0,0
34990012-_17HIV-H01J817S-Semaine-00,17:52:00,17:52:00,1000,53,0,0
34990012-_17HIV-H01J817S-Semaine-00,17:52:00,17:52:00,1006,54,0,0
34990013-_17HIV-H01J817S-Semaine-00,18:02:00,18:02:00,1000,59,0,0
34990013-_17HIV-H01J817S-Semaine-00,18:02:00,18:02:00,1006,60,0,0
34990014-_17HIV-H01J817S-Semaine-00,18:18:00,18:18:00,1009,49,0,0
34990014-_17HIV-H01J817S-Semaine-00,18:20:00,18:20:00,1003,51,0,0
34990014-_17HIV-H01J817S-Semaine-00,18:21:00,18:21:00,1000,53,0,0
34990014-_17HIV-H01J817S-Semaine-00,18:21:00,18:21:00,1006,54,0,0
34990015-_17HIV-H01J817S-Semaine-00,18:37:00,18:37:00,1000,59,0,0
34990015-_17HIV-H01J817S-Semaine-00,18:37:00,18:37:00,1006,60,0,0
34990016-_17HIV-H01J817S-Semaine-00,18:43:00,18:43:00,1009,49,0,0
34990016-_17HIV-H01J817S-Semaine-00,18:45:00,18:45:00,1003,51,0,0
34990016-_17HIV-H01J817S-Semaine-00,18:46:00,18:46:00,1000,53,0,0
34990016-_17HIV-H01J817S-Semaine-00,18:46:00,18:46:00,1006,54,0,0
34990017-_17HIV-H01J817S-Semaine-00,19:05:00,19:05:00,1000,59,0,0
34990017-_17HIV-H01J817S-Semaine-00,19:05:00,19:05:00,1006,60,0,0
34990045-_17HIV-H01J817S-Semaine-00,11:02:00,11:02:00,1000,58,0,0
34990045-_17HIV-H01J817S-Semaine-00,11:02:00,11:02:00,1006,59,0,0
34990046-_17HIV-H01J817S-Semaine-00,11:32:00,11:32:00,1000,58,0,0
34990046-_17HIV-H01J817S-Semaine-00,11:32:00,11:32:00,1006,59,0,0
34990047-_17HIV-H01J817S-Semaine-00,12:02:00,12:02:00,1000,58,0,0
34990047-_17HIV-H01J817S-Semaine-00,12:02:00,12:02:00,1006,59,0,0
34990048-_17HIV-H01J817S-Semaine-00,12:32:00,12:32:00,1000,58,0,0
34990048-_17HIV-H01J817S-Semaine-00,12:32:00,12:32:00,1006,59,0,0
34990049-_17HIV-H01J817S-Semaine-00,13:32:00,13:32:00,1000,58,0,0
34990049-_17HIV-H01J817S-Semaine-00,13:32:00,13:32:00,1006,59,0,0
34990050-_17HIV-H01J817S-Semaine-00,14:05:00,14:05:00,1000,58,0,0
34990050-_17HIV-H01J817S-Semaine-00,14:05:00,14:05:00,1006,59,0,0
34990051-_17HIV-H01J817S-Semaine-00,14:35:00,14:35:00,1000,58,0,0
34990051-_17HIV-H01J817S-Semaine-00,14:35:00,14:35:00,1006,59,0,0
34990052-_17HIV-H01J817S-Semaine-00,15:05:00,15:05:00,1000,58,0,0
34990052-_17HIV-H01J817S-Semaine-00,15:05:00,15:05:00,1006,59,0,0
34990056-_17HIV-H01J817S-Semaine-00,18:52:00,18:52:00,1000,58,0,0
34990056-_17HIV-H01J817S-Semaine-00,18:52:00,18:52:00,1006,59,0,0
34990070-_17HIV-H01J817S-Semaine-00,25:20:00,25:20:00,1000,58,0,0
34990070-_17HIV-H01J817S-Semaine-00,25:20:00,25:20:00,1006,59,0,0
34990072-_17HIV-H01J817S-Semaine-00,06:46:00,06:46:00,1000,58,0,0
34990072-_17HIV-H01J817S-Semaine-00,06:46:00,06:46:00,1006,59,0,0
34990079-_17HIV-H01J817S-Semaine-00,07:14:00,07:14:00,1004,5,0,0
34990079-_17HIV-H01J817S-Semaine-00,07:14:00,07:14:00,1002,6,0,0
34990079-_17HIV-H01J817S-Semaine-00,07:15:00,07:15:00,1005,7,0,0
34990086-_17HIV-H01J817S-Semaine-00,23:19:00,23:19:00,1004,5,0,0
34990086-_17HIV-H01J817S-Semaine-00,23:19:00,23:19:00,1002,6,0,0
34990086-_17HIV-H01J817S-Semaine-00,23:23:00,23:23:00,1007,15,0,0
34990107-_17HIV-H01J817S-Semaine-00,22:32:00,22:32:00,1000,58,0,0
34990107-_17HIV-H01J817S-Semaine-00,22:32:00,22:32:00,1006,59,0,0
34990108-_17HIV-H01J817S-Semaine-00,21:32:00,21:32:00,1000,58,0,0
34990108-_17HIV-H01J817S-Semaine-00,21:32:00,21:32:00,1006,59,0,0
34990110-_17HIV-H01J817S-Semaine-00,19:33:00,19:33:00,1000,58,0,0
34990110-_17HIV-H01J817S-Semaine-00,19:33:00,19:33:00,1006,59,0,0
34990111-_17HIV-H01J817S-Semaine-00,22:02:00,22:02:00,1000,58,0,0
34990111-_17HIV-H01J817S-Semaine-00,22:02:00,22:02:00,1006,59,0,0
34990131-_17HIV-H01J817S-Semaine-00,06:31:00,06:31:00,1004,5,0,0
34990131-_17HIV-H01J817S-Semaine-00,06:31:00,06:31:00,1002,6,0,0
34990131-_17HIV-H01J817S-Semaine-00,06:32:00,06:32:00,1005,7,0,0
34990136-_17HIV-H01J817S-Semaine-00,17:01:00,17:01:00,1000,68,0,0
34990136-_17HIV-H01J817S-Semaine-00,17:01:00,17:01:00,1006,69,0,0
34990177-_17HIV-H01J817S-Semaine-00,06:48:00,06:48:00,1004,5,0,0
34990177-_17HIV-H01J817S-Semaine-00,06:48:00,06:48:00,1002,6,0,0
34990177-_17HIV-H01J817S-Semaine-00,06:49:00,06:49:00,1005,7,0,0
34990194-_17HIV-H01J817S-Semaine-00,15:34:00,15:34:00,1000,56,0,0
34990194-_17HIV-H01J817S-Semaine-00,15:34:00,15:34:00,1006,57,0,0
34990210-_17HIV-H01J817S-Semaine-00,07:02:00,07:02:00,1004,5,0,0
34990210-_17HIV-H01J817S-Semaine-00,07:02:00,07:02:00,1002,6,0,0
34990210-_17HIV-H01J817S-Semaine-00,07:03:00,07:03:00,1005,7,0,0
34990210-_17HIV-H01J817S-Semaine-00,07:03:00,07:03:00,1001,8,0,0
34990210-_17HIV-H01J817S-Semaine-00,07:05:00,07:05:00,1007,10,0,0
34990323-_17HIV-H01J817S-Semaine-00,09:15:00,09:15:00,1004,5,0,0
34990323-_17HIV-H01J817S-Semaine-00,09:15:00,09:15:00,1002,6,0,0
34990323-_17HIV-H01J817S-Semaine-00,09:19:00,09:19:00,1007,15,0,0
34990324-_17HIV-H01J817S-Semaine-00,10:15:00,10:15:00,1004,5,0,0
34990324-_17HIV-H01J817S-Semaine-00,10:15:00,10:15:00,1002,6,0,0
34990324-_17HIV-H01J817S-Semaine-00,10:19:00,10:19:00,1007,15,0,0
34990325-_17HIV-H01J817S-Semaine-00,11:45:00,11:45:00,1004,5,0,0
34990325-_17HIV-H01J817S-Semaine-00,11:45:00,11:45:00,1002,6,0,0
34990325-_17HIV-H01J817S-Semaine-00,11:49:00,11:49:00,1007,15,0,0
34990326-_17HIV-H01J817S-Semaine-00,10:02:00,10:02:00,1000,58,0,0
34990326-_17HIV-H01J817S-Semaine-00,10:02:00,10:02:00,1006,59,0,0
34990328-_17HIV-H01J817S-Semaine-00,13:02:00,13:02:00,1000,58,0,0
34990328-_17HIV-H01J817S-Semaine-00,13:02:00,13:02:00,1006,59,0,0
34990419-_17HIV-H01J817S-Semaine-00,05:52:00,05:52:00,1004,5,0,0
34990419-_17HIV-H01J817S-Semaine-00,05:52:00,05:52:00,1002,6,0,0
34990419-_17HIV-H01J817S-Semaine-00,05:53:00,05:53:00,1005,7,0,0
34990419-_17HIV-H01J817S-Semaine-00,05:53:00,05:53:00,1001,8,0,0
34990419-_17HIV-H01J817S-Semaine-00,05:55:00,05:55:00,1007,10,0,0
34990420-_17HIV-H01J817S-Semaine-00,15:10:00,15:10:00,1009,49,0,0
34990420-_17HIV-H01J817S-Semaine-00,15:12:00,15:12:00,1003,51,0,0
34990420-_17HIV-H01J817S-Semaine-00,15:13:00,15:13:00,1000,53,0,0
34990420-_17HIV-H01J817S-Semaine-00,15:13:00,15:13:00,1006,54,0,0
34990451-_17HIV-H01J817S-Semaine-00,15:32:00,15:32:00,1000,59,0,0
34990451-_17HIV-H01J817S-Semaine-00,15:32:00,15:32:00,1006,60,0,0
34991785-_17HIV-H01J817S-Semaine-00,06:06:00,06:06:00,1007,4,0,0
34991786-_17HIV-H01J817S-Semaine-00,08:36:00,08:36:00,1007,4,0,0
34991787-_17HIV-H01J817S-Semaine-00,15:34:00,15:34:00,1009,34,0,0
34991787-_17HIV-H01J817S-Semaine-00,15:36:00,15:36:00,1011,36,0,0
34991788-_17HIV-H01J817S-Semaine-00,18:17:00,18:17:00,1009,34,0,0
34991788-_17HIV-H01J817S-Semaine-00,18:19:00,18:19:00,1011,36,0,0
34991789-_17HIV-H01J817S-Semaine-00,11:29:00,11:29:00,1007,4,0,0
34991790-_17HIV-H01J817S-Semaine-00,11:59:00,11:59:00,1007,4,0,0
34991791-_17HIV-H01J817S-Semaine-00,12:31:00,12:31:00,1009,34,0,0
34991791-_17HIV-H01J817S-Semaine-00,12:33:00,12:33:00,1011,36,0,0
34991792-_17HIV-H01J817S-Semaine-00,13:01:00,13:01:00,1009,34,0,0
34991792-_17HIV-H01J817S-Semaine-00,13:03:00,13:03:00,1011,36,0,0
35801965-_17HIV-H01J917S-Semaine-12,18:55:00,18:55:00,1000,68,0,0
35801965-_17HIV-H01J917S-Semaine-12,18:55:00,18:55:00,1006,69,0,0
35801969-_17HIV-H01J917S-Semaine-12,08:31:00,08:31:00,1009,34,0,0
35801969-_17HIV-H01J917S-Semaine-12,08:33:00,08:33:00,1011,36,0,0
35801970-_17HIV-H01J917S-Semaine-12,16:22:00,16:22:00,1007,4,0,0
35801971-_17HIV-H01J917S-Semaine-12,06:16:00,06:16:00,1007,4,0,0
35801972-_17HIV-H01J917S-Semaine-12,06:36:00,06:36:00,1007,4,0,0
35801973-_17HIV-H01J917S-Semaine-12,08:18:00,08:18:00,1007,4,0,0
35801975-_17HIV-H01J917S-Semaine-12,07:26:00,07:26:00,1007,4,0,0
35801976-_17HIV-H01J917S-Semaine-12,16:04:00,16:04:00,1009,34,0,0
35801976-_17HIV-H01J917S-Semaine-12,16:06:00,16:06:00,1011,36,0,0
35801977-_17HIV-H01J917S-Semaine-12,16:36:00,16:36:00,1009,34,0,0
35801977-_17HIV-H01J917S-Semaine-12,16:38:00,16:38:00,1011,36,0,0
35801978-_17HIV-H01J917S-Semaine-12,17:07:00,17:07:00,1009,34,0,0
35801978-_17HIV-H01J917S-Semaine-12,17:09:00,17:09:00,1011,36,0,0
35801979-_17HIV-H01J917S-Semaine-12,17:27:00,17:27:00,1009,34,0,0
35801979-_17HIV-H01J917S-Semaine-12,17:29:00,17:29:00,1011,36,0,0
35801980-_17HIV-H01J917S-Semaine-12,17:48:00,17:48:00,1009,34,0,0
35801980-_17HIV-H01J917S-Semaine-12,17:50:00,17:50:00,1011,36,0,0
35801981-_17HIV-H01J917S-Semaine-12,07:56:00,07:56:00,1007,4,0,0
35801982-_17HIV-H01J917S-Semaine-12,15:49:00,15:49:00,1009,34,0,0
35801982-_17HIV-H01J917S-Semaine-12,15:51:00,15:51:00,1011,36,0,0
35802229-_17HIV-H01J917S-Semaine-12,18:06:00,18:06:00,1000,68,0,0
35802229-_17HIV-H01J917S-Semaine-12,18:06:00,18:06:00,1006,69,0,0
35802235-_17HIV-H01J917S-Semaine-12,09:45:00,09:45:00,1004,5,0,0
35802235-_17HIV-H01J917S-Semaine-12,09:45:00,09:45:00,1002,6,0,0
35802235-_17HIV-H01J917S-Semaine-12,09:49:00,09:49:00,1007,15,0,0
35802236-_17HIV-H01J917S-Semaine-12,10:45:00,10:45:00,1004,5,0,0
35802236-_17HIV-H01J917S-Semaine-12,10:45:00,10:45:00,1002,6,0,0
35802236-_17HIV-H01J917S-Semaine-12,10:49:00,10:49:00,1007,15,0,0
35802237-_17HIV-H01J917S-Semaine-12,11:15:00,11:15:00,1004,5,0,0
35802237-_17HIV-H01J917S-Semaine-12,11:15:00,11:15:00,1002,6,0,0
35802237-_17HIV-H01J917S-Semaine-12,11:19:00,11:19:00,1007,15,0,0
35802238-_17HIV-H01J917S-Semaine-12,12:15:00,12:15:00,1004,5,0,0
35802238-_17HIV-H01J917S-Semaine-12,12:15:00,12:15:00,1002,6,0,0
35802238-_17HIV-H01J917S-Semaine-12,12:19:00,12:19:00,1007,15,0,0
35802239-_17HIV-H01J917S-Semaine-12,12:45:00,12:45:00,1004,5,0,0
35802239-_17HIV-H01J917S-Semaine-12,12:45:00,12:45:00,1002,6,0,0
35802239-_17HIV-H01J917S-Semaine-12,12:49:00,12:49:00,1007,15,0,0
35802240-_17HIV-H01J917S-Semaine-12,13:15:00,13:15:00,1004,5,0,0
35802240-_17HIV-H01J917S-Semaine-12,13:15:00,13:15:00,1002,6,0,0
35802240-_17HIV-H01J917S-Semaine-12,13:19:00,13:19:00,1007,15,0,0
35802241-_17HIV-H01J917S-Semaine-12,13:45:00,13:45:00,1004,5,0,0
35802241-_17HIV-H01J917S-Semaine-12,13:45:00,13:45:00,1002,6,0,0
35802241-_17HIV-H01J917S-Semaine-12,13:49:00,13:49:00,1007,15,0,0
35802242-_17HIV-H01J917S-Semaine-12,14:15:00,14:15:00,1004,5,0,0
35802242-_17HIV-H01J917S-Semaine-12,14:15:00,14:15:00,1002,6,0,0
35802242-_17HIV-H01J917S-Semaine-12,14:19:00,14:19:00,1007,15,0,0
35802243-_17HIV-H01J917S-Semaine-12,14:48:00,14:48:00,1004,5,0,0
35802243-_17HIV-H01J917S-Semaine-12,14:48:00,14:48:00,1002,6,0,0
35802243-_17HIV-H01J917S-Semaine-12,14:52:00,14:52:00,1007,15,0,0
35802245-_17HIV-H01J917S-Semaine-12,15:49:00,15:49:00,1004,5,0,0
35802245-_17HIV-H01J917S-Semaine-12,15:49:00,15:49:00,1002,6,0,0
35802245-_17HIV-H01J917S-Semaine-12,15:54:00,15:54:00,1007,15,0,0
35802247-_17HIV-H01J917S-Semaine-12,16:46:00,16:46:00,1004,5,0,0
35802247-_17HIV-H01J917S-Semaine-12,16:46:00,16:46:00,1002,6,0,0
35802247-_17HIV-H01J917S-Semaine-12,16:51:00,16:51:00,1007,15,0,0
35802249-_17HIV-H01J917S-Semaine-12,17:47:00,17:47:00,1004,5,0,0
35802249-_17HIV-H01J917S-Semaine-12,17:47:00,17:47:00,1002,6,0,0
35802249-_17HIV-H01J917S-Semaine-12,17:52:00,17:52:00,1007,15,0,0
35802250-_17HIV-H01J917S-Semaine-12,18:17:00,18:17:00,1004,5,0,0
35802250-_17HIV-H01J917S-Semaine-12,18:17:00,18:17:00,1002,6,0,0
35802250-_17HIV-H01J917S-Semaine-12,18:22:00,18:22:00,1007,15,0,0
35802251-_17HIV-H01J917S-Semaine-12,18:49:00,18:49:00,1004,5,0,0
35802251-_17HIV-H01J917S-Semaine-12,18:49:00,18:49:00,1002,6,0,0
35802251-_17HIV-H01J917S-Semaine-12,18:53:00,18:53:00,1007,15,0,0
35802252-_17HIV-H01J917S-Semaine-12,19:19:00,19:19:00,1004,5,0,0
35802252-_17HIV-H01J917S-Semaine-12,19:19:00,19:19:00,1002,6,0,0
35802252-_17HIV-H01J917S-Semaine-12,19:23:00,19:23:00,1007,15,0,0
35802253-_17HIV-H01J917S-Semaine-12,19:49:00,19:49:00,1004,5,0,0
35802253-_17HIV-H01J917S-Semaine-12,19:49:00,19:49:00,1002,6,0,0
35802253-_17HIV-H01J917S-Semaine-12,19:53:00,19:53:00,1007,15,0,0
35802254-_17HIV-H01J917S-Semaine-12,20:19:00,20:19:00,1004,5,0,0
35802254-_17HIV-H01J917S-Semaine-12,20:19:00,20:19:00,1002,6,0,0
35802254-_17HIV-H01J917S-Semaine-12,20:23:00,20:23:00,1007,15,0,0
35802255-_17HIV-H01J917S-Semaine-12,20:49:00,20:49:00,1004,5,0,0
35802255-_17HIV-H01J917S-Semaine-12,20:49:00,20:49:00,1002,6,0,0
35802255-_17HIV-H01J917S-Semaine-12,20:53:00,20:53:00,1007,15,0,0
35802256-_17HIV-H01J917S-Semaine-12,21:19:00,21:19:00,1004,5,0,0
35802256-_17HIV-H01J917S-Semaine-12,21:19:00,21:19:00,1002,6,0,0
35802256-_17HIV-H01J917S-Semaine-12,21:23:00,21:23:00,1007,15,0,0
35802257-_17HIV-H01J917S-Semaine-12,21:49:00,21:49:00,1004,5,0,0
35802257-_17HIV-H01J917S-Semaine-12,21:49:00,21:49:00,1002,6,0,0
35802257-_17HIV-H01J917S-Semaine-12,21:53:00,21:53:00,1007,15,0,0
35802258-_17HIV-H01J917S-Semaine-12,22:19:00,22:19:00,1004,5,0,0
35802258-_17HIV-H01J917S-Semaine-12,22:19:00,22:19:00,1002,6,0,0
35802258-_17HIV-H01J917S-Semaine-12,22:23:00,22:23:00,1007,15,0,0
35802261-_17HIV-H01J917S-Semaine-12,07:48:00,07:48:00,1000,58,0,0
35802261-_17HIV-H01J917S-Semaine-12,07:48:00,07:48:00,1006,59,0,0
35802263-_17HIV-H01J917S-Semaine-12,08:47:00,08:47:00,1000,58,0,0
35802263-_17HIV-H01J917S-Semaine-12,08:47:00,08:47:00,1006,59,0,0
35802265-_17HIV-H01J917S-Semaine-12,09:32:00,09:32:00,1000,58,0,0
35802265-_17HIV-H01J917S-Semaine-12,09:32:00,09:32:00,1006,59,0,0
35802266-_17HIV-H01J917S-Semaine-12,10:32:00,10:32:00,1000,58,0,0
35802266-_17HIV-H01J917S-Semaine-12,10:32:00,10:32:00,1006,59,0,0
35802275-_17HIV-H01J917S-Semaine-12,19:13:00,19:13:00,1000,58,0,0
35802275-_17HIV-H01J917S-Semaine-12,19:13:00,19:13:00,1006,59,0,0
35802276-_17HIV-H01J917S-Semaine-12,19:49:00,19:49:00,1000,58,0,0
35802276-_17HIV-H01J917S-Semaine-12,19:49:00,19:49:00,1006,59,0,0
35802277-_17HIV-H01J917S-Semaine-12,20:19:00,20:19:00,1000,58,0,0
35802277-_17HIV-H01J917S-Semaine-12,20:19:00,20:19:00,1006,59,0,0
35802278-_17HIV-H01J917S-Semaine-12,20:49:00,20:49:00,1000,58,0,0
35802278-_17HIV-H01J917S-Semaine-12,20:49:00,20:49:00,1006,59,0,0
35802279-_17HIV-H01J917S-Semaine-12,21:17:00,21:17:00,1000,58,0,0
35802279-_17HIV-H01J917S-Semaine-12,21:17:00,21:17:00,1006,59,0,0
35802283-_17HIV-H01J917S-Semaine-12,23:17:00,23:17:00,1000,58,0,0
35802283-_17HIV-H01J917S-Semaine-12,23:17:00,23:17:00,1006,59,0,0
35802284-_17HIV-H01J917S-Semaine-12,24:17:00,24:17:00,1000,58,0,0
35802284-_17HIV-H01J917S-Semaine-12,24:17:00,24:17:00,1006,59,0,0
35802285-_17HIV-H01J917S-Semaine-12,06:00:00,06:00:00,1004,5,0,0
35802285-_17HIV-H01J917S-Semaine-12,06:00:00,06:00:00,1002,6,0,0
35802285-_17HIV-H01J917S-Semaine-12,06:01:00,06:01:00,1005,7,0,0
35802285-_17HIV-H01J917S-Semaine-12,06:07:00,06:07:00,1007,17,0,0
35802286-_17HIV-H01J917S-Semaine-12,06:19:00,06:19:00,1004,5,0,0
35802286-_17HIV-H01J917S-Semaine-12,06:19:00,06:19:00,1002,6,0,0
35802286-_17HIV-H01J917S-Semaine-12,06:20:00,06:20:00,1005,7,0,0
35802286-_17HIV-H01J917S-Semaine-12,06:26:00,06:26:00,1007,17,0,0
35802287-_17HIV-H01J917S-Semaine-12,06:36:00,06:36:00,1004,5,0,0
35802287-_17HIV-H01J917S-Semaine-12,06:36:00,06:36:00,1002,6,0,0
35802287-_17HIV-H01J917S-Semaine-12,06:37:00,06:37:00,1005,7,0,0
35802287-_17HIV-H01J917S-Semaine-12,06:43:00,06:43:00,1007,17,0,0
35802288-_17HIV-H01J917S-Semaine-12,06:53:00,06:53:00,1004,5,0,0
35802288-_17HIV-H01J917S-Semaine-12,06:53:00,06:53:00,1002,6,0,0
35802288-_17HIV-H01J917S-Semaine-12,06:54:00,06:54:00,1005,7,0,0
35802288-_17HIV-H01J917S-Semaine-12,07:00:00,07:00:00,1007,17,0,0
35802289-_17HIV-H01J917S-Semaine-12,07:11:00,07:11:00,1004,5,0,0
35802289-_17HIV-H01J917S-Semaine-12,07:11:00,07:11:00,1002,6,0,0
35802289-_17HIV-H01J917S-Semaine-12,07:12:00,07:12:00,1005,7,0,0
35802289-_17HIV-H01J917S-Semaine-12,07:18:00,07:18:00,1007,17,0,0
35802290-_17HIV-H01J917S-Semaine-12,07:26:00,07:26:00,1004,5,0,0
35802290-_17HIV-H01J917S-Semaine-12,07:26:00,07:26:00,1002,6,0,0
35802290-_17HIV-H01J917S-Semaine-12,07:27:00,07:27:00,1005,7,0,0
35802290-_17HIV-H01J917S-Semaine-12,07:33:00,07:33:00,1007,17,0,0
35802291-_17HIV-H01J917S-Semaine-12,07:43:00,07:43:00,1004,5,0,0
35802291-_17HIV-H01J917S-Semaine-12,07:43:00,07:43:00,1002,6,0,0
35802291-_17HIV-H01J917S-Semaine-12,07:44:00,07:44:00,1005,7,0,0
35802291-_17HIV-H01J917S-Semaine-12,07:50:00,07:50:00,1007,17,0,0
35802292-_17HIV-H01J917S-Semaine-12,08:05:00,08:05:00,1004,5,0,0
35802292-_17HIV-H01J917S-Semaine-12,08:05:00,08:05:00,1002,6,0,0
35802292-_17HIV-H01J917S-Semaine-12,08:06:00,08:06:00,1005,7,0,0
35802292-_17HIV-H01J917S-Semaine-12,08:12:00,08:12:00,1007,17,0,0
35802293-_17HIV-H01J917S-Semaine-12,08:25:00,08:25:00,1004,5,0,0
35802293-_17HIV-H01J917S-Semaine-12,08:25:00,08:25:00,1002,6,0,0
35802293-_17HIV-H01J917S-Semaine-12,08:26:00,08:26:00,1005,7,0,0
35802293-_17HIV-H01J917S-Semaine-12,08:32:00,08:32:00,1007,17,0,0
35802294-_17HIV-H01J917S-Semaine-12,08:46:00,08:46:00,1004,5,0,0
35802294-_17HIV-H01J917S-Semaine-12,08:46:00,08:46:00,1002,6,0,0
35802294-_17HIV-H01J917S-Semaine-12,08:47:00,08:47:00,1005,7,0,0
35802294-_17HIV-H01J917S-Semaine-12,08:52:00,08:52:00,1007,17,0,0
35802295-_17HIV-H01J917S-Semaine-12,09:11:00,09:11:00,1004,5,0,0
35802295-_17HIV-H01J917S-Semaine-12,09:11:00,09:11:00,1002,6,0,0
35802295-_17HIV-H01J917S-Semaine-12,09:12:00,09:12:00,1005,7,0,0
35802295-_17HIV-H01J917S-Semaine-12,09:17:00,09:17:00,1007,17,0,0
35802296-_17HIV-H01J917S-Semaine-12,06:12:00,06:12:00,1004,5,0,0
35802296-_17HIV-H01J917S-Semaine-12,06:12:00,06:12:00,1002,6,0,0
35802296-_17HIV-H01J917S-Semaine-12,06:13:00,06:13:00,1005,7,0,0
35802296-_17HIV-H01J917S-Semaine-12,06:13:00,06:13:00,1001,8,0,0
35802296-_17HIV-H01J917S-Semaine-12,06:15:00,06:15:00,1007,10,0,0
35802297-_17HIV-H01J917S-Semaine-12,06:30:00,06:30:00,1004,5,0,0
35802297-_17HIV-H01J917S-Semaine-12,06:30:00,06:30:00,1002,6,0,0
35802297-_17HIV-H01J917S-Semaine-12,06:31:00,06:31:00,1005,7,0,0
35802297-_17HIV-H01J917S-Semaine-12,06:31:00,06:31:00,1001,8,0,0
35802297-_17HIV-H01J917S-Semaine-12,06:33:00,06:33:00,1007,10,0,0
35802298-_17HIV-H01J917S-Semaine-12,06:45:00,06:45:00,1004,5,0,0
35802298-_17HIV-H01J917S-Semaine-12,06:45:00,06:45:00,1002,6,0,0
35802298-_17HIV-H01J917S-Semaine-12,06:46:00,06:46:00,1005,7,0,0
35802298-_17HIV-H01J917S-Semaine-12,06:46:00,06:46:00,1001,8,0,0
35802298-_17HIV-H01J917S-Semaine-12,06:48:00,06:48:00,1007,10,0,0
35802299-_17HIV-H01J917S-Semaine-12,07:20:00,07:20:00,1004,5,0,0
35802299-_17HIV-H01J917S-Semaine-12,07:20:00,07:20:00,1002,6,0,0
35802299-_17HIV-H01J917S-Semaine-12,07:21:00,07:21:00,1005,7,0,0
35802299-_17HIV-H01J917S-Semaine-12,07:21:00,07:21:00,1001,8,0,0
35802299-_17HIV-H01J917S-Semaine-12,07:23:00,07:23:00,1007,10,0,0
35802300-_17HIV-H01J917S-Semaine-12,07:37:00,07:37:00,1004,5,0,0
35802300-_17HIV-H01J917S-Semaine-12,07:37:00,07:37:00,1002,6,0,0
35802300-_17HIV-H01J917S-Semaine-12,07:38:00,07:38:00,1005,7,0,0
35802300-_17HIV-H01J917S-Semaine-12,07:38:00,07:38:00,1001,8,0,0
35802300-_17HIV-H01J917S-Semaine-12,07:40:00,07:40:00,1007,10,0,0
35802301-_17HIV-H01J917S-Semaine-12,07:57:00,07:57:00,1004,5,0,0
35802301-_17HIV-H01J917S-Semaine-12,07:57:00,07:57:00,1002,6,0,0
35802301-_17HIV-H01J917S-Semaine-12,07:58:00,07:58:00,1005,7,0,0
35802301-_17HIV-H01J917S-Semaine-12,07:58:00,07:58:00,1001,8,0,0
35802301-_17HIV-H01J917S-Semaine-12,08:00:00,08:00:00,1007,10,0,0
35802302-_17HIV-H01J917S-Semaine-12,08:19:00,08:19:00,1004,5,0,0
35802302-_17HIV-H01J917S-Semaine-12,08:19:00,08:19:00,1002,6,0,0
35802302-_17HIV-H01J917S-Semaine-12,08:20:00,08:20:00,1005,7,0,0
35802302-_17HIV-H01J917S-Semaine-12,08:20:00,08:20:00,1001,8,0,0
35802302-_17HIV-H01J917S-Semaine-12,08:22:00,08:22:00,1007,10,0,0
35802303-_17HIV-H01J917S-Semaine-12,08:39:00,08:39:00,1004,5,0,0
35802303-_17HIV-H01J917S-Semaine-12,08:39:00,08:39:00,1002,6,0,0
35802303-_17HIV-H01J917S-Semaine-12,08:40:00,08:40:00,1005,7,0,0
35802303-_17HIV-H01J917S-Semaine-12,08:40:00,08:40:00,1001,8,0,0
35802303-_17HIV-H01J917S-Semaine-12,08:42:00,08:42:00,1007,10,0,0
35802304-_17HIV-H01J917S-Semaine-12,09:00:00,09:00:00,1004,5,0,0
35802304-_17HIV-H01J917S-Semaine-12,09:00:00,09:00:00,1002,6,0,0
35802304-_17HIV-H01J917S-Semaine-12,09:01:00,09:01:00,1005,7,0,0
35802304-_17HIV-H01J917S-Semaine-12,09:01:00,09:01:00,1001,8,0,0
35802304-_17HIV-H01J917S-Semaine-12,09:03:00,09:03:00,1007,10,0,0
35802325-_17HIV-H01J917S-Semaine-12,15:46:00,15:46:00,1009,49,0,0
35802325-_17HIV-H01J917S-Semaine-12,15:48:00,15:48:00,1003,51,0,0
35802325-_17HIV-H01J917S-Semaine-12,15:49:00,15:49:00,1000,53,0,0
35802325-_17HIV-H01J917S-Semaine-12,15:49:00,15:49:00,1006,54,0,0
35802326-_17HIV-H01J917S-Semaine-12,16:01:00,16:01:00,1000,59,0,0
35802326-_17HIV-H01J917S-Semaine-12,16:01:00,16:01:00,1006,60,0,0
35802327-_17HIV-H01J917S-Semaine-12,16:09:00,16:09:00,1009,49,0,0
35802327-_17HIV-H01J917S-Semaine-12,16:11:00,16:11:00,1003,51,0,0
35802327-_17HIV-H01J917S-Semaine-12,16:12:00,16:12:00,1000,53,0,0
35802327-_17HIV-H01J917S-Semaine-12,16:12:00,16:12:00,1006,54,0,0
35802328-_17HIV-H01J917S-Semaine-12,16:20:00,16:20:00,1000,59,0,0
35802328-_17HIV-H01J917S-Semaine-12,16:20:00,16:20:00,1006,60,0,0
35802329-_17HIV-H01J917S-Semaine-12,16:29:00,16:29:00,1009,49,0,0
35802329-_17HIV-H01J917S-Semaine-12,16:31:00,16:31:00,1003,51,0,0
35802329-_17HIV-H01J917S-Semaine-12,16:32:00,16:32:00,1000,53,0,0
35802329-_17HIV-H01J917S-Semaine-12,16:32:00,16:32:00,1006,54,0,0
35802330-_17HIV-H01J917S-Semaine-12,16:40:00,16:40:00,1000,59,0,0
35802330-_17HIV-H01J917S-Semaine-12,16:40:00,16:40:00,1006,60,0,0
35802331-_17HIV-H01J917S-Semaine-12,16:48:00,16:48:00,1009,49,0,0
35802331-_17HIV-H01J917S-Semaine-12,16:50:00,16:50:00,1003,51,0,0
35802331-_17HIV-H01J917S-Semaine-12,16:51:00,16:51:00,1000,53,0,0
35802331-_17HIV-H01J917S-Semaine-12,16:51:00,16:51:00,1006,54,0,0
35802332-_17HIV-H01J917S-Semaine-12,16:58:00,16:58:00,1000,59,0,0
35802332-_17HIV-H01J917S-Semaine-12,16:58:00,16:58:00,1006,60,0,0
35802333-_17HIV-H01J917S-Semaine-12,17:07:00,17:07:00,1009,49,0,0
35802333-_17HIV-H01J917S-Semaine-12,17:09:00,17:09:00,1003,51,0,0
35802333-_17HIV-H01J917S-Semaine-12,17:10:00,17:10:00,1000,53,0,0
35802333-_17HIV-H01J917S-Semaine-12,17:10:00,17:10:00,1006,54,0,0
35802334-_17HIV-H01J917S-Semaine-12,17:17:00,17:17:00,1000,59,0,0
35802334-_17HIV-H01J917S-Semaine-12,17:17:00,17:17:00,1006,60,0,0
35802335-_17HIV-H01J917S-Semaine-12,17:27:00,17:27:00,1009,49,0,0
35802335-_17HIV-H01J917S-Semaine-12,17:29:00,17:29:00,1003,51,0,0
35802335-_17HIV-H01J917S-Semaine-12,17:30:00,17:30:00,1000,53,0,0
35802335-_17HIV-H01J917S-Semaine-12,17:30:00,17:30:00,1006,54,0,0
35802336-_17HIV-H01J917S-Semaine-12,17:40:00,17:40:00,1000,59,0,0
35802336-_17HIV-H01J917S-Semaine-12,17:40:00,17:40:00,1006,60,0,0
35802337-_17HIV-H01J917S-Semaine-12,17:49:00,17:49:00,1009,49,0,0
35802337-_17HIV-H01J917S-Semaine-12,17:51:00,17:51:00,1003,51,0,0
35802337-_17HIV-H01J917S-Semaine-12,17:52:00,17:52:00,1000,53,0,0
35802337-_17HIV-H01J917S-Semaine-12,17:52:00,17:52:00,1006,54,0,0
35802338-_17HIV-H01J917S-Semaine-12,18:02:00,18:02:00,1000,59,0,0
35802338-_17HIV-H01J917S-Semaine-12,18:02:00,18:02:00,1006,60,0,0
35802339-_17HIV-H01J917S-Semaine-12,18:18:00,18:18:00,1009,49,0,0
35802339-_17HIV-H01J917S-Semaine-12,18:20:00,18:20:00,1003,51,0,0
35802339-_17HIV-H01J917S-Semaine-12,18:21:00,18:21:00,1000,53,0,0
35802339-_17HIV-H01J917S-Semaine-12,18:21:00,18:21:00,1006,54,0,0
35802340-_17HIV-H01J917S-Semaine-12,18:37:00,18:37:00,1000,59,0,0
35802340-_17HIV-H01J917S-Semaine-12,18:37:00,18:37:00,1006,60,0,0
35802341-_17HIV-H01J917S-Semaine-12,18:43:00,18:43:00,1009,49,0,0
35802341-_17HIV-H01J917S-Semaine-12,18:45:00,18:45:00,1003,51,0,0
35802341-_17HIV-H01J917S-Semaine-12,18:46:00,18:46:00,1000,53,0,0
35802341-_17HIV-H01J917S-Semaine-12,18:46:00,18:46:00,1006,54,0,0
35802342-_17HIV-H01J917S-Semaine-12,19:05:00,19:05:00,1000,59,0,0
35802342-_17HIV-H01J917S-Semaine-12,19:05:00,19:05:00,1006,60,0,0
35802370-_17HIV-H01J917S-Semaine-12,11:02:00,11:02:00,1000,58,0,0
35802370-_17HIV-H01J917S-Semaine-12,11:02:00,11:02:00,1006,59,0,0
35802371-_17HIV-H01J917S-Semaine-12,11:32:00,11:32:00,1000,58,0,0
35802371-_17HIV-H01J917S-Semaine-12,11:32:00,11:32:00,1006,59,0,0
35802372-_17HIV-H01J917S-Semaine-12,12:02:00,12:02:00,1000,58,0,0
35802372-_17HIV-H01J917S-Semaine-12,12:02:00,12:02:00,1006,59,0,0
35802373-_17HIV-H01J917S-Semaine-12,12:32:00,12:32:00,1000,58,0,0
35802373-_17HIV-H01J917S-Semaine-12,12:32:00,12:32:00,1006,59,0,0
35802374-_17HIV-H01J917S-Semaine-12,13:32:00,13:32:00,1000,58,0,0
35802374-_17HIV-H01J917S-Semaine-12,13:32:00,13:32:00,1006,59,0,0
35802375-_17HIV-H01J917S-Semaine-12,14:05:00,14:05:00,1000,58,0,0
35802375-_17HIV-H01J917S-Semaine-12,14:05:00,14:05:00,1006,59,0,0
35802376-_17HIV-H01J917S-Semaine-12,14:35:00,14:35:00,1000,58,0,0
35802376-_17HIV-H01J917S-Semaine-12,14:35:00,14:35:00,1006,59,0,0
35802377-_17HIV-H01J917S-Semaine-12,15:05:00,15:05:00,1000,58,0,0
35802377-_17HIV-H01J917S-Semaine-12,15:05:00,15:05:00,1006,59,0,0
35802381-_17HIV-H01J917S-Semaine-12,18:52:00,18:52:00,1000,58,0,0
35802381-_17HIV-H01J917S-Semaine-12,18:52:00,18:52:00,1006,59,0,0
35802395-_17HIV-H01J917S-Semaine-12,25:20:00,25:20:00,1000,58,0,0
35802395-_17HIV-H01J917S-Semaine-12,25:20:00,25:20:00,1006,59,0,0
35802397-_17HIV-H01J917S-Semaine-12,06:46:00,06:46:00,1000,58,0,0
35802397-_17HIV-H01J917S-Semaine-12,06:46:00,06:46:00,1006,59,0,0
35802404-_17HIV-H01J917S-Semaine-12,07:14:00,07:14:00,1004,5,0,0
35802404-_17HIV-H01J917S-Semaine-12,07:14:00,07:14:00,1002,6,0,0
35802404-_17HIV-H01J917S-Semaine-12,07:15:00,07:15:00,1005,7,0,0
35802411-_17HIV-H01J917S-Semaine-12,23:19:00,23:19:00,1004,5,0,0
35802411-_17HIV-H01J917S-Semaine-12,23:19:00,23:19:00,1002,6,0,0
35802411-_17HIV-H01J917S-Semaine-12,23:23:00,23:23:00,1007,15,0,0
35802428-_17HIV-H01J917S-Semaine-12,06:41:00,06:41:00,1004,5,0,0
35802428-_17HIV-H01J917S-Semaine-12,06:41:00,06:41:00,1002,6,0,0
35802428-_17HIV-H01J917S-Semaine-12,06:42:00,06:42:00,1005,7,0,0
35802433-_17HIV-H01J917S-Semaine-12,22:32:00,22:32:00,1000,58,0,0
35802433-_17HIV-H01J917S-Semaine-12,22:32:00,22:32:00,1006,59,0,0
35802434-_17HIV-H01J917S-Semaine-12,21:32:00,21:32:00,1000,58,0,0
35802434-_17HIV-H01J917S-Semaine-12,21:32:00,21:32:00,1006,59,0,0
35802436-_17HIV-H01J917S-Semaine-12,19:33:00,19:33:00,1000,58,0,0
35802436-_17HIV-H01J917S-Semaine-12,19:33:00,19:33:00,1006,59,0,0
35802437-_17HIV-H01J917S-Semaine-12,22:02:00,22:02:00,1000,58,0,0
35802437-_17HIV-H01J917S-Semaine-12,22:02:00,22:02:00,1006,59,0,0
35802458-_17HIV-H01J917S-Semaine-12,06:36:00,06:36:00,1004,5,0,0
35802458-_17HIV-H01J917S-Semaine-12,06:36:00,06:36:00,1002,6,0,0
35802458-_17HIV-H01J917S-Semaine-12,06:37:00,06:37:00,1005,7,0,0
35802460-_17HIV-H01J917S-Semaine-12,06:31:00,06:31:00,1004,5,0,0
35802460-_17HIV-H01J917S-Semaine-12,06:31:00,06:31:00,1002,6,0,0
35802460-_17HIV-H01J917S-Semaine-12,06:32:00,06:32:00,1005,7,0,0
35802465-_17HIV-H01J917S-Semaine-12,17:01:00,17:01:00,1000,68,0,0
35802465-_17HIV-H01J917S-Semaine-12,17:01:00,17:01:00,1006,69,0,0
35802509-_17HIV-H01J917S-Semaine-12,06:49:00,06:49:00,1004,5,0,0
35802509-_17HIV-H01J917S-Semaine-12,06:49:00,06:49:00,1002,6,0,0
35802509-_17HIV-H01J917S-Semaine-12,06:50:00,06:50:00,1005,7,0,0
35802528-_17HIV-H01J917S-Semaine-12,15:34:00,15:34:00,1000,56,0,0
35802528-_17HIV-H01J917S-Semaine-12,15:34:00,15:34:00,1006,57,0,0
35802544-_17HIV-H01J917S-Semaine-12,07:02:00,07:02:00,1004,5,0,0
35802544-_17HIV-H01J917S-Semaine-12,07:02:00,07:02:00,1002,6,0,0
35802544-_17HIV-H01J917S-Semaine-12,07:03:00,07:03:00,1005,7,0,0
35802544-_17HIV-H01J917S-Semaine-12,07:03:00,07:03:00,1001,8,0,0
35802544-_17HIV-H01J917S-Semaine-12,07:05:00,07:05:00,1007,10,0,0
35802609-_17HIV-H01J917S-Semaine-12,07:28:00,07:28:00,1004,5,0,0
35802609-_17HIV-H01J917S-Semaine-12,07:28:00,07:28:00,1002,6,0,0
35802609-_17HIV-H01J917S-Semaine-12,07:29:00,07:29:00,1005,7,0,0
35802659-_17HIV-H01J917S-Semaine-12,09:15:00,09:15:00,1004,5,0,0
35802659-_17HIV-H01J917S-Semaine-12,09:15:00,09:15:00,1002,6,0,0
35802659-_17HIV-H01J917S-Semaine-12,09:19:00,09:19:00,1007,15,0,0
35802660-_17HIV-H01J917S-Semaine-12,10:15:00,10:15:00,1004,5,0,0
35802660-_17HIV-H01J917S-Semaine-12,10:15:00,10:15:00,1002,6,0,0
35802660-_17HIV-H01J917S-Semaine-12,10:19:00,10:19:00,1007,15,0,0
35802661-_17HIV-H01J917S-Semaine-12,11:45:00,11:45:00,1004,5,0,0
35802661-_17HIV-H01J917S-Semaine-12,11:45:00,11:45:00,1002,6,0,0
35802661-_17HIV-H01J917S-Semaine-12,11:49:00,11:49:00,1007,15,0,0
35802662-_17HIV-H01J917S-Semaine-12,10:02:00,10:02:00,1000,58,0,0
35802662-_17HIV-H01J917S-Semaine-12,10:02:00,10:02:00,1006,59,0,0
35802664-_17HIV-H01J917S-Semaine-12,13:02:00,13:02:00,1000,58,0,0
35802664-_17HIV-H01J917S-Semaine-12,13:02:00,13:02:00,1006,59,0,0
35802754-_17HIV-H01J917S-Semaine-12,05:52:00,05:52:00,1004,5,0,0
35802754-_17HIV-H01J917S-Semaine-12,05:52:00,05:52:00,1002,6,0,0
35802754-_17HIV-H01J917S-Semaine-12,05:53:00,05:53:00,1005,7,0,0
35802754-_17HIV-H01J917S-Semaine-12,05:53:00,05:53:00,1001,8,0,0
35802754-_17HIV-H01J917S-Semaine-12,05:55:00,05:55:00,1007,10,0,0
35802755-_17HIV-H01J917S-Semaine-12,15:10:00,15:10:00,1009,49,0,0
35802755-_17HIV-H01J917S-Semaine-12,15:12:00,15:12:00,1003,51,0,0
35802755-_17HIV-H01J917S-Semaine-12,15:13:00,15:13:00,1000,53,0,0
35802755-_17HIV-H01J917S-Semaine-12,15:13:00,15:13:00,1006,54,0,0
35802786-_17HIV-H01J917S-Semaine-12,15:32:00,15:32:00,1000,59,0,0
35802786-_17HIV-H01J917S-Semaine-12,15:32:00,15:32:00,1006,60,0,0
35804132-_17HIV-H01J917S-Semaine-12,06:06:00,06:06:00,1007,4,0,0
35804133-_17HIV-H01J917S-Semaine-12,08:36:00,08:36:00,1007,4,0,0
35804134-_17HIV-H01J917S-Semaine-12,15:34:00,15:34:00,1009,34,0,0
35804134-_17HIV-H01J917S-Semaine-12,15:36:00,15:36:00,1011,36,0,0
35804135-_17HIV-H01J917S-Semaine-12,18:17:00,18:17:00,1009,34,0,0
35804135-_17HIV-H01J917S-Semaine-12,18:19:00,18:19:00,1011,36,0,0
35804136-_17HIV-H01J917S-Semaine-12,11:29:00,11:29:00,1007,4,0,0
35804137-_17HIV-H01J917S-Semaine-12,11:59:00,11:59:00,1007,4,0,0
35804138-_17HIV-H01J917S-Semaine-12,12:31:00,12:31:00,1009,34,0,0
35804138-_17HIV-H01J917S-Semaine-12,12:33:00,12:33:00,1011,36,0,0
35804139-_17HIV-H01J917S-Semaine-12,13:01:00,13:01:00,1009,34,0,0
35804139-_17HIV-H01J917S-Semaine-12,13:03:00,13:03:00,1011,36,0,0
35806211-_17HIV-H01J917S-Semaine-12,06:57:00,06:57:00,1007,4,0,0
35811132-_17HIV-H01S017A-Samedi-01,19:48:00,19:48:00,1000,58,0,0
35811132-_17HIV-H01S017A-Samedi-01,19:48:00,19:48:00,1006,59,0,0
35811133-_17HIV-H01S017A-Samedi-01,20:48:00,20:48:00,1000,58,0,0
35811133-_17HIV-H01S017A-Samedi-01,20:48:00,20:48:00,1006,59,0,0
35811134-_17HIV-H01S017A-Samedi-01,21:14:00,21:14:00,1004,5,0,0
35811134-_17HIV-H01S017A-Samedi-01,21:14:00,21:14:00,1002,6,0,0
35811134-_17HIV-H01S017A-Samedi-01,21:19:00,21:19:00,1007,15,0,0
35811138-_17HIV-H01S017A-Samedi-01,09:13:00,09:13:00,1000,58,0,0
35811138-_17HIV-H01S017A-Samedi-01,09:13:00,09:13:00,1006,59,0,0
35811141-_17HIV-H01S017A-Samedi-01,11:28:00,11:28:00,1004,5,0,0
35811141-_17HIV-H01S017A-Samedi-01,11:28:00,11:28:00,1002,6,0,0
35811141-_17HIV-H01S017A-Samedi-01,11:34:00,11:34:00,1007,15,0,0
35811433-_17HIV-H01S017A-Samedi-01,19:02:00,19:02:00,1000,58,0,0
35811433-_17HIV-H01S017A-Samedi-01,19:02:00,19:02:00,1006,59,0,0
35811448-_17HIV-H01S017A-Samedi-01,07:14:00,07:14:00,1004,5,0,0
35811448-_17HIV-H01S017A-Samedi-01,07:14:00,07:14:00,1002,6,0,0
35811448-_17HIV-H01S017A-Samedi-01,07:19:00,07:19:00,1007,15,0,0
35811466-_17HIV-H01S017A-Samedi-01,10:28:00,10:28:00,1004,5,0,0
35811466-_17HIV-H01S017A-Samedi-01,10:28:00,10:28:00,1002,6,0,0
35811466-_17HIV-H01S017A-Samedi-01,10:34:00,10:34:00,1007,15,0,0
35811475-_17HIV-H01S017A-Samedi-01,16:28:00,16:28:00,1004,5,0,0
35811475-_17HIV-H01S017A-Samedi-01,16:28:00,16:28:00,1002,6,0,0
35811475-_17HIV-H01S017A-Samedi-01,16:34:00,16:34:00,1007,15,0,0
35811481-_17HIV-H01S017A-Samedi-01,12:02:00,12:02:00,1000,58,0,0
35811481-_17HIV-H01S017A-Samedi-01,12:02:00,12:02:00,1006,59,0,0
35811486-_17HIV-H01S017A-Samedi-01,21:48:00,21:48:00,1000,58,0,0
35811486-_17HIV-H01S017A-Samedi-01,21:48:00,21:48:00,1006,59,0,0
35811487-_17HIV-H01S017A-Samedi-01,22:15:00,22:15:00,1004,5,0,0
35811487-_17HIV-H01S017A-Samedi-01,22:15:00,22:15:00,1002,6,0,0
35811487-_17HIV-H01S017A-Samedi-01,22:20:00,22:20:00,1007,15,0,0
35811488-_17HIV-H01S017A-Samedi-01,23:48:00,23:48:00,1000,58,0,0
35811488-_17HIV-H01S017A-Samedi-01,23:48:00,23:48:00,1006,59,0,0
35811490-_17HIV-H01S017A-Samedi-01,16:58:00,16:58:00,1004,5,0,0
35811490-_17HIV-H01S017A-Samedi-01,16:58:00,16:58:00,1002,6,0,0
35811490-_17HIV-H01S017A-Samedi-01,17:04:00,17:04:00,1007,15,0,0
35811499-_17HIV-H01S017A-Samedi-01,16:32:00,16:32:00,1000,58,0,0
35811499-_17HIV-H01S017A-Samedi-01,16:32:00,16:32:00,1006,59,0,0
35811500-_17HIV-H01S017A-Samedi-01,09:28:00,09:28:00,1004,5,0,0
35811500-_17HIV-H01S017A-Samedi-01,09:28:00,09:28:00,1002,6,0,0
35811500-_17HIV-H01S017A-Samedi-01,09:34:00,09:34:00,1007,15,0,0
35811526-_17HIV-H01S017A-Samedi-01,11:02:00,11:02:00,1000,58,0,0
35811526-_17HIV-H01S017A-Samedi-01,11:02:00,11:02:00,1006,59,0,0
35811530-_17HIV-H01S017A-Samedi-01,23:30:00,23:30:00,1004,5,0,0
35811530-_17HIV-H01S017A-Samedi-01,23:30:00,23:30:00,1002,6,0,0
35811530-_17HIV-H01S017A-Samedi-01,23:35:00,23:35:00,1007,15,0,0
35811531-_17HIV-H01S017A-Samedi-01,25:13:00,25:13:00,1000,58,0,0
35811531-_17HIV-H01S017A-Samedi-01,25:13:00,25:13:00,1006,59,0,0
35811537-_17HIV-H01S017A-Samedi-01,13:32:00,13:32:00,1000,58,0,0
35811537-_17HIV-H01S017A-Samedi-01,13:32:00,13:32:00,1006,59,0,0
35811538-_17HIV-H01S017A-Samedi-01,13:58:00,13:58:00,1004,5,0,0
35811538-_17HIV-H01S017A-Samedi-01,13:58:00,13:58:00,1002,6,0,0
35811538-_17HIV-H01S017A-Samedi-01,14:04:00,14:04:00,1007,15,0,0
35811541-_17HIV-H01S017A-Samedi-01,18:02:00,18:02:00,1000,58,0,0
35811541-_17HIV-H01S017A-Samedi-01,18:02:00,18:02:00,1006,59,0,0
35811591-_17HIV-H01S017A-Samedi-01,13:28:00,13:28:00,1004,5,0,0
35811591-_17HIV-H01S017A-Samedi-01,13:28:00,13:28:00,1002,6,0,0
35811591-_17HIV-H01S017A-Samedi-01,13:34:00,13:34:00,1007,15,0,0
35811635-_17HIV-H01S017A-Samedi-01,17:02:00,17:02:00,1000,58,0,0
35811635-_17HIV-H01S017A-Samedi-01,17:02:00,17:02:00,1006,59,0,0
35811655-_17HIV-H01S017A-Samedi-01,13:02:00,13:02:00,1000,58,0,0
35811655-_17HIV-H01S017A-Samedi-01,13:02:00,13:02:00,1006,59,0,0
35811657-_17HIV-H01S017A-Samedi-01,15:32:00,15:32:00,1000,58,0,0
35811657-_17HIV-H01S017A-Samedi-01,15:32:00,15:32:00,1006,59,0,0
35811658-_17HIV-H01S017A-Samedi-01,15:58:00,15:58:00,1004,5,0,0
35811658-_17HIV-H01S017A-Samedi-01,15:58:00,15:58:00,1002,6,0,0
35811658-_17HIV-H01S017A-Samedi-01,16:04:00,16:04:00,1007,15,0,0
35811736-_17HIV-H01S017A-Samedi-01,08:13:00,08:13:00,1000,58,0,0
35811736-_17HIV-H01S017A-Samedi-01,08:13:00,08:13:00,1006,59,0,0
35811798-_17HIV-H01S017A-Samedi-01,19:14:00,19:14:00,1004,5,0,0
35811798-_17HIV-H01S017A-Samedi-01,19:14:00,19:14:00,1002,6,0,0
35811798-_17HIV-H01S017A-Samedi-01,19:19:00,19:19:00,1007,15,0,0
35811867-_17HIV-H01S017A-Samedi-01,15:28:00,15:28:00,1004,5,0,0
35811867-_17HIV-H01S017A-Samedi-01,15:28:00,15:28:00,1002,6,0,0
35811867-_17HIV-H01S017A-Samedi-01,15:34:00,15:34:00,1007,15,0,0
35811913-_17HIV-H01S017A-Samedi-01,10:13:00,10:13:00,1000,58,0,0
35811913-_17HIV-H01S017A-Samedi-01,10:13:00,10:13:00,1006,59,0,0
35811929-_17HIV-H01S017A-Samedi-01,18:32:00,18:32:00,1000,58,0,0
35811929-_17HIV-H01S017A-Samedi-01,18:32:00,18:32:00,1006,59,0,0
35811932-_17HIV-H01S017A-Samedi-01,20:14:00,20:14:00,1004,5,0,0
35811932-_17HIV-H01S017A-Samedi-01,20:14:00,20:14:00,1002,6,0,0
35811932-_17HIV-H01S017A-Samedi-01,20:19:00,20:19:00,1007,15,0,0
35811961-_17HIV-H01S017A-Samedi-01,08:14:00,08:14:00,1004,5,0,0
35811961-_17HIV-H01S017A-Samedi-01,08:14:00,08:14:00,1002,6,0,0
35811961-_17HIV-H01S017A-Samedi-01,08:19:00,08:19:00,1007,15,0,0
35811963-_17HIV-H01S017A-Samedi-01,07:13:00,07:13:00,1000,58,0,0
35811963-_17HIV-H01S017A-Samedi-01,07:13:00,07:13:00,1006,59,0,0
35811964-_17HIV-H01S017A-Samedi-01,06:14:00,06:14:00,1004,5,0,0
35811964-_17HIV-H01S017A-Samedi-01,06:14:00,06:14:00,1002,6,0,0
35811964-_17HIV-H01S017A-Samedi-01,06:19:00,06:19:00,1007,15,0,0
35811977-_17HIV-H01S017A-Samedi-01,14:02:00,14:02:00,1000,58,0,0
35811977-_17HIV-H01S017A-Samedi-01,14:02:00,14:02:00,1006,59,0,0
35811979-_17HIV-H01S017A-Samedi-01,17:32:00,17:32:00,1000,58,0,0
35811979-_17HIV-H01S017A-Samedi-01,17:32:00,17:32:00,1006,59,0,0
35811980-_17HIV-H01S017A-Samedi-01,18:14:00,18:14:00,1004,5,0,0
35811980-_17HIV-H01S017A-Samedi-01,18:14:00,18:14:00,1002,6,0,0
35811980-_17HIV-H01S017A-Samedi-01,18:19:00,18:19:00,1007,15,0,0
35811984-_17HIV-H01S017A-Samedi-01,15:02:00,15:02:00,1000,58,0,0
35811984-_17HIV-H01S017A-Samedi-01,15:02:00,15:02:00,1006,59,0,0
35811988-_17HIV-H01S017A-Samedi-01,16:02:00,16:02:00,1000,58,0,0
35811988-_17HIV-H01S017A-Samedi-01,16:02:00,16:02:00,1006,59,0,0
35811989-_17HIV-H01S017A-Samedi-01,09:58:00,09:58:00,1004,5,0,0
35811989-_17HIV-H01S017A-Samedi-01,09:58:00,09:58:00,1002,6,0,0
35811989-_17HIV-H01S017A-Samedi-01,10:04:00,10:04:00,1007,15,0,0
35811991-_17HIV-H01S017A-Samedi-01,12:28:00,12:28:00,1004,5,0,0
35811991-_17HIV-H01S017A-Samedi-01,12:28:00,12:28:00,1002,6,0,0
35811991-_17HIV-H01S017A-Samedi-01,12:34:00,12:34:00,1007,15,0,0
35811992-_17HIV-H01S017A-Samedi-01,11:58:00,11:58:00,1004,5,0,0
35811992-_17HIV-H01S017A-Samedi-01,11:58:00,11:58:00,1002,6,0,0
35811992-_17HIV-H01S017A-Samedi-01,12:04:00,12:04:00,1007,15,0,0
35811994-_17HIV-H01S017A-Samedi-01,14:28:00,14:28:00,1004,5,0,0
35811994-_17HIV-H01S017A-Samedi-01,14:28:00,14:28:00,1002,6,0,0
35811994-_17HIV-H01S017A-Samedi-01,14:34:00,14:34:00,1007,15,0,0
35811995-_17HIV-H01S017A-Samedi-01,11:33:00,11:33:00,1000,58,0,0
35811995-_17HIV-H01S017A-Samedi-01,11:33:00,11:33:00,1006,59,0,0
35811996-_17HIV-H01S017A-Samedi-01,12:58:00,12:58:00,1004,5,0,0
35811996-_17HIV-H01S017A-Samedi-01,12:58:00,12:58:00,1002,6,0,0
35811996-_17HIV-H01S017A-Samedi-01,13:04:00,13:04:00,1007,15,0,0
35811999-_17HIV-H01S017A-Samedi-01,12:32:00,12:32:00,1000,58,0,0
35811999-_17HIV-H01S017A-Samedi-01,12:32:00,12:32:00,1006,59,0,0
35812003-_17HIV-H01S017A-Samedi-01,14:58:00,14:58:00,1004,5,0,0
35812003-_17HIV-H01S017A-Samedi-01,14:58:00,14:58:00,1002,6,0,0
35812003-_17HIV-H01S017A-Samedi-01,15:04:00,15:04:00,1007,15,0,0
35812005-_17HIV-H01S017A-Samedi-01,17:28:00,17:28:00,1004,5,0,0
35812005-_17HIV-H01S017A-Samedi-01,17:28:00,17:28:00,1002,6,0,0
35812005-_17HIV-H01S017A-Samedi-01,17:34:00,17:34:00,1007,15,0,0
35812008-_17HIV-H01S017A-Samedi-01,14:32:00,14:32:00,1000,58,0,0
35812008-_17HIV-H01S017A-Samedi-01,14:32:00,14:32:00,1006,59,0,0
35812013-_17HIV-H01S017A-Samedi-01,22:48:00,22:48:00,1000,58,0,0
35812013-_17HIV-H01S017A-Samedi-01,22:48:00,22:48:00,1006,59,0,0
35812036-_17HIV-H01S017A-Samedi-01,08:59:00,08:59:00,1004,5,0,0
35812036-_17HIV-H01S017A-Samedi-01,08:59:00,08:59:00,1002,6,0,0
35812036-_17HIV-H01S017A-Samedi-01,09:04:00,09:04:00,1007,15,0,0
35812040-_17HIV-H01S017A-Samedi-01,10:58:00,10:58:00,1004,5,0,0
35812040-_17HIV-H01S017A-Samedi-01,10:58:00,10:58:00,1002,6,0,0
35812040-_17HIV-H01S017A-Samedi-01,11:04:00,11:04:00,1007,15,0,0
35819648-_17HIV-H01S017A-Samedi-02,19:48:00,19:48:00,1000,58,0,0
35819648-_17HIV-H01S017A-Samedi-02,19:48:00,19:48:00,1006,59,0,0
35819649-_17HIV-H01S017A-Samedi-02,20:48:00,20:48:00,1000,58,0,0
35819649-_17HIV-H01S017A-Samedi-02,20:48:00,20:48:00,1006,59,0,0
35819650-_17HIV-H01S017A-Samedi-02,21:14:00,21:14:00,1004,5,0,0
35819650-_17HIV-H01S017A-Samedi-02,21:14:00,21:14:00,1002,6,0,0
35819650-_17HIV-H01S017A-Samedi-02,21:19:00,21:19:00,1007,15,0,0
35819654-_17HIV-H01S017A-Samedi-02,09:13:00,09:13:00,1000,58,0,0
35819654-_17HIV-H01S017A-Samedi-02,09:13:00,09:13:00,1006,59,0,0
35819657-_17HIV-H01S017A-Samedi-02,11:28:00,11:28:00,1004,5,0,0
35819657-_17HIV-H01S017A-Samedi-02,11:28:00,11:28:00,1002,6,0,0
35819657-_17HIV-H01S017A-Samedi-02,11:34:00,11:34:00,1007,15,0,0
35819749-_17HIV-H01S017A-Samedi-02,19:02:00,19:02:00,1000,58,0,0
35819749-_17HIV-H01S017A-Samedi-02,19:02:00,19:02:00,1006,59,0,0
35819764-_17HIV-H01S017A-Samedi-02,07:14:00,07:14:00,1004,5,0,0
35819764-_17HIV-H01S017A-Samedi-02,07:14:00,07:14:00,1002,6,0,0
35819764-_17HIV-H01S017A-Samedi-02,07:19:00,07:19:00,1007,15,0,0
35819782-_17HIV-H01S017A-Samedi-02,10:28:00,10:28:00,1004,5,0,0
35819782-_17HIV-H01S017A-Samedi-02,10:28:00,10:28:00,1002,6,0,0
35819782-_17HIV-H01S017A-Samedi-02,10:34:00,10:34:00,1007,15,0,0
35819791-_17HIV-H01S017A-Samedi-02,16:28:00,16:28:00,1004,5,0,0
35819791-_17HIV-H01S017A-Samedi-02,16:28:00,16:28:00,1002,6,0,0
35819791-_17HIV-H01S017A-Samedi-02,16:34:00,16:34:00,1007,15,0,0
35819797-_17HIV-H01S017A-Samedi-02,12:02:00,12:02:00,1000,58,0,0
35819797-_17HIV-H01S017A-Samedi-02,12:02:00,12:02:00,1006,59,0,0
35819802-_17HIV-H01S017A-Samedi-02,21:48:00,21:48:00,1000,58,0,0
35819802-_17HIV-H01S017A-Samedi-02,21:48:00,21:48:00,1006,59,0,0
35819803-_17HIV-H01S017A-Samedi-02,22:15:00,22:15:00,1004,5,0,0
35819803-_17HIV-H01S017A-Samedi-02,22:15:00,22:15:00,1002,6,0,0
35819803-_17HIV-H01S017A-Samedi-02,22:20:00,22:20:00,1007,15,0,0
35819804-_17HIV-H01S017A-Samedi-02,23:48:00,23:48:00,1000,58,0,0
35819804-_17HIV-H01S017A-Samedi-02,23:48:00,23:48:00,1006,59,0,0
35819806-_17HIV-H01S017A-Samedi-02,16:58:00,16:58:00,1004,5,0,0
35819806-_17HIV-H01S017A-Samedi-02,16:58:00,16:58:00,1002,6,0,0
35819806-_17HIV-H01S017A-Samedi-02,17:04:00,17:04:00,1007,15,0,0
35819815-_17HIV-H01S017A-Samedi-02,16:32:00,16:32:00,1000,58,0,0
35819815-_17HIV-H01S017A-Samedi-02,16:32:00,16:32:00,1006,59,0,0
35819816-_17HIV-H01S017A-Samedi-02,09:28:00,09:28:00,1004,5,0,0
35819816-_17HIV-H01S017A-Samedi-02,09:28:00,09:28:00,1002,6,0,0
35819816-_17HIV-H01S017A-Samedi-02,09:34:00,09:34:00,1007,15,0,0
35819842-_17HIV-H01S017A-Samedi-02,11:02:00,11:02:00,1000,58,0,0
35819842-_17HIV-H01S017A-Samedi-02,11:02:00,11:02:00,1006,59,0,0
35819846-_17HIV-H01S017A-Samedi-02,23:30:00,23:30:00,1004,5,0,0
35819846-_17HIV-H01S017A-Samedi-02,23:30:00,23:30:00,1002,6,0,0
35819846-_17HIV-H01S017A-Samedi-02,23:35:00,23:35:00,1007,15,0,0
35819847-_17HIV-H01S017A-Samedi-02,25:13:00,25:13:00,1000,58,0,0
35819847-_17HIV-H01S017A-Samedi-02,25:13:00,25:13:00,1006,59,0,0
35819853-_17HIV-H01S017A-Samedi-02,13:32:00,13:32:00,1000,58,0,0
35819853-_17HIV-H01S017A-Samedi-02,13:32:00,13:32:00,1006,59,0,0
35819854-_17HIV-H01S017A-Samedi-02,13:58:00,13:58:00,1004,5,0,0
35819854-_17HIV-H01S017A-Samedi-02,13:58:00,13:58:00,1002,6,0,0
35819854-_17HIV-H01S017A-Samedi-02,14:04:00,14:04:00,1007,15,0,0
35819857-_17HIV-H01S017A-Samedi-02,18:02:00,18:02:00,1000,58,0,0
35819857-_17HIV-H01S017A-Samedi-02,18:02:00,18:02:00,1006,59,0,0
35819907-_17HIV-H01S017A-Samedi-02,13:28:00,13:28:00,1004,5,0,0
35819907-_17HIV-H01S017A-Samedi-02,13:28:00,13:28:00,1002,6,0,0
35819907-_17HIV-H01S017A-Samedi-02,13:34:00,13:34:00,1007,15,0,0
35819951-_17HIV-H01S017A-Samedi-02,17:02:00,17:02:00,1000,58,0,0
35819951-_17HIV-H01S017A-Samedi-02,17:02:00,17:02:00,1006,59,0,0
35819971-_17HIV-H01S017A-Samedi-02,13:02:00,13:02:00,1000,58,0,0
35819971-_17HIV-H01S017A-Samedi-02,13:02:00,13:02:00,1006,59,0,0
35819973-_17HIV-H01S017A-Samedi-02,15:32:00,15:32:00,1000,58,0,0
35819973-_17HIV-H01S017A-Samedi-02,15:32:00,15:32:00,1006,59,0,0
35819974-_17HIV-H01S017A-Samedi-02,15:58:00,15:58:00,1004,5,0,0
35819974-_17HIV-H01S017A-Samedi-02,15:58:00,15:58:00,1002,6,0,0
35819974-_17HIV-H01S017A-Samedi-02,16:04:00,16:04:00,1007,15,0,0
35820052-_17HIV-H01S017A-Samedi-02,08:13:00,08:13:00,1000,58,0,0
35820052-_17HIV-H01S017A-Samedi-02,08:13:00,08:13:00,1006,59,0,0
35820114-_17HIV-H01S017A-Samedi-02,19:14:00,19:14:00,1004,5,0,0
35820114-_17HIV-H01S017A-Samedi-02,19:14:00,19:14:00,1002,6,0,0
35820114-_17HIV-H01S017A-Samedi-02,19:19:00,19:19:00,1007,15,0,0
35820183-_17HIV-H01S017A-Samedi-02,15:28:00,15:28:00,1004,5,0,0
35820183-_17HIV-H01S017A-Samedi-02,15:28:00,15:28:00,1002,6,0,0
35820183-_17HIV-H01S017A-Samedi-02,15:34:00,15:34:00,1007,15,0,0
35820229-_17HIV-H01S017A-Samedi-02,10:13:00,10:13:00,1000,58,0,0
35820229-_17HIV-H01S017A-Samedi-02,10:13:00,10:13:00,1006,59,0,0
35820245-_17HIV-H01S017A-Samedi-02,18:32:00,18:32:00,1000,58,0,0
35820245-_17HIV-H01S017A-Samedi-02,18:32:00,18:32:00,1006,59,0,0
35820248-_17HIV-H01S017A-Samedi-02,20:14:00,20:14:00,1004,5,0,0
35820248-_17HIV-H01S017A-Samedi-02,20:14:00,20:14:00,1002,6,0,0
35820248-_17HIV-H01S017A-Samedi-02,20:19:00,20:19:00,1007,15,0,0
35820277-_17HIV-H01S017A-Samedi-02,08:14:00,08:14:00,1004,5,0,0
35820277-_17HIV-H01S017A-Samedi-02,08:14:00,08:14:00,1002,6,0,0
35820277-_17HIV-H01S017A-Samedi-02,08:19:00,08:19:00,1007,15,0,0
35820279-_17HIV-H01S017A-Samedi-02,07:13:00,07:13:00,1000,58,0,0
35820279-_17HIV-H01S017A-Samedi-02,07:13:00,07:13:00,1006,59,0,0
35820280-_17HIV-H01S017A-Samedi-02,06:14:00,06:14:00,1004,5,0,0
35820280-_17HIV-H01S017A-Samedi-02,06:14:00,06:14:00,1002,6,0,0
35820280-_17HIV-H01S017A-Samedi-02,06:19:00,06:19:00,1007,15,0,0
35820293-_17HIV-H01S017A-Samedi-02,14:02:00,14:02:00,1000,58,0,0
35820293-_17HIV-H01S017A-Samedi-02,14:02:00,14:02:00,1006,59,0,0
35820295-_17HIV-H01S017A-Samedi-02,17:32:00,17:32:00,1000,58,0,0
35820295-_17HIV-H01S017A-Samedi-02,17:32:00,17:32:00,1006,59,0,0
35820296-_17HIV-H01S017A-Samedi-02,18:14:00,18:14:00,1004,5,0,0
35820296-_17HIV-H01S017A-Samedi-02,18:14:00,18:14:00,1002,6,0,0
35820296-_17HIV-H01S017A-Samedi-02,18:19:00,18:19:00,1007,15,0,0
35820300-_17HIV-H01S017A-Samedi-02,15:02:00,15:02:00,1000,58,0,0
35820300-_17HIV-H01S017A-Samedi-02,15:02:00,15:02:00,1006,59,0,0
35820304-_17HIV-H01S017A-Samedi-02,16:02:00,16:02:00,1000,58,0,0
35820304-_17HIV-H01S017A-Samedi-02,16:02:00,16:02:00,1006,59,0,0
35820305-_17HIV-H01S017A-Samedi-02,09:58:00,09:58:00,1004,5,0,0
35820305-_17HIV-H01S017A-Samedi-02,09:58:00,09:58:00,1002,6,0,0
35820305-_17HIV-H01S017A-Samedi-02,10:04:00,10:04:00,1007,15,0,0
35820307-_17HIV-H01S017A-Samedi-02,12:28:00,12:28:00,1004,5,0,0
35820307-_17HIV-H01S017A-Samedi-02,12:28:00,12:28:00,1002,6,0,0
35820307-_17HIV-H01S017A-Samedi-02,12:34:00,12:34:00,1007,15,0,0
35820308-_17HIV-H01S017A-Samedi-02,11:58:00,11:58:00,1004,5,0,0
35820308-_17HIV-H01S017A-Samedi-02,11:58:00,11:58:00,1002,6,0,0
35820308-_17HIV-H01S017A-Samedi-02,12:04:00,12:04:00,1007,15,0,0
35820310-_17HIV-H01S017A-Samedi-02,14:28:00,14:28:00,1004,5,0,0
35820310-_17HIV-H01S017A-Samedi-02,14:28:00,14:28:00,1002,6,0,0
35820310-_17HIV-H01S017A-Samedi-02,14:34:00,14:34:00,1007,15,0,0
35820311-_17HIV-H01S017A-Samedi-02,11:33:00,11:33:00,1000,58,0,0
35820311-_17HIV-H01S017A-Samedi-02,11:33:00,11:33:00,1006,59,0,0
35820312-_17HIV-H01S017A-Samedi-02,12:58:00,12:58:00,1004,5,0,0
35820312-_17HIV-H01S017A-Samedi-02,12:58:00,12:58:00,1002,6,0,0
35820312-_17HIV-H01S017A-Samedi-02,13:04:00,13:04:00,1007,15,0,0
35820315-_17HIV-H01S017A-Samedi-02,12:32:00,12:32:00,1000,58,0,0
35820315-_17HIV-H01S017A-Samedi-02,12:32:00,12:32:00,1006,59,0,0
35820319-_17HIV-H01S017A-Samedi-02,14:58:00,14:58:00,1004,5,0,0
35820319-_17HIV-H01S017A-Samedi-02,14:58:00,14:58:00,1002,6,0,0
35820319-_17HIV-H01S017A-Samedi-02,15:04:00,15:04:00,1007,15,0,0
35820321-_17HIV-H01S017A-Samedi-02,17:28:00,17:28:00,1004,5,0,0
35820321-_17HIV-H01S017A-Samedi-02,17:28:00,17:28:00,1002,6,0,0
35820321-_17HIV-H01S017A-Samedi-02,17:34:00,17:34:00,1007,15,0,0
35820324-_17HIV-H01S017A-Samedi-02,14:32:00,14:32:00,1000,58,0,0
35820324-_17HIV-H01S017A-Samedi-02,14:32:00,14:32:00,1006,59,0,0
35820329-_17HIV-H01S017A-Samedi-02,22:48:00,22:48:00,1000,58,0,0
35820329-_17HIV-H01S017A-Samedi-02,22:48:00,22:48:00,1006,59,0,0
35820352-_17HIV-H01S017A-Samedi-02,08:59:00,08:59:00,1004,5,0,0
35820352-_17HIV-H01S017A-Samedi-02,08:59:00,08:59:00,1002,6,0,0
35820352-_17HIV-H01S017A-Samedi-02,09:04:00,09:04:00,1007,15,0,0
35820356-_17HIV-H01S017A-Samedi-02,10:58:00,10:58:00,1004,5,0,0
35820356-_17HIV-H01S017A-Samedi-02,10:58:00,10:58:00,1002,6,0,0
35820356-_17HIV-H01S017A-Samedi-02,11:04:00,11:04:00,1007,15,0,0